key	tab	block_no	btype	block_label	label	value	unit	source	checked	reviewer	date	note
# checked=✓ は「原典と一致することを確認した」の意(「見た」ではない)。不一致は data/plans/<id>.json を直して再描画する(キーが変わり未検収に戻る)。この台帳が検収状態の正で、ブラウザの下書き(localStorage)は揮発する。
c4dd61aef3092bef	summary	3	kpi		総人口	20878	人	honpen p.4	✓	auto:ai	2026-10-10	
cbd70e81b4fb9431	summary	3	kpi		65歳以上の人口	6529	人	honpen p.4	✓	auto:ai	2026-10-10	
8cd1714900280427	summary	3	kpi		高齢化率	31.3	%	honpen p.4	✓	auto:ai	2026-10-10	
b0921dcac61232e7	summary	3	kpi		75歳以上の人口	3531	人	honpen p.4	✓	auto:ai	2026-10-10	要人確認:H4 難しさ5点
08322778cbb9f8fd	summary	4	kpi		要支援・要介護の認定者数	1078	人	honpen p.7	✓	auto:ai	2026-10-10	要人確認:H4 難しさ2点
eda76176036f1134	summary	4	kpi		認定率（65歳以上人口に対する割合）	16.5	%	honpen p.7	✓	auto:ai	2026-10-10	
8153e2dcf1e90c3e	summary	5	kpi		介護保険料の基準額（月額）	6200	円	honpen p.59	✓	auto:ai	2026-10-10	要人確認:H4 難しさ2点
f7a3cb5e4b2388d3	summary	5	kpi		介護保険料の基準額（年額）	74400	円	honpen p.59	✓	auto:ai	2026-10-10	
3caef432b3713a9a	genjo	4	chart.stacked	年齢区分別の人口の推移	H30/後期高齢者（75歳以上）	3243	人	honpen p.4	✓	auto:ai	2026-10-10	
1220d5d0d9a7aff9	genjo	4	chart.stacked	年齢区分別の人口の推移	H30/前期高齢者（65〜74歳）	3090	人	honpen p.4	✓	auto:ai	2026-10-10	
15bdaeee6e314f59	genjo	4	chart.stacked	年齢区分別の人口の推移	H30/40〜64歳	6790	人	honpen p.4	✓	auto:ai	2026-10-10	
7e52f3717bc4f2d6	genjo	4	chart.stacked	年齢区分別の人口の推移	H30/0〜39歳	8405	人	honpen p.4	✓	auto:ai	2026-10-10	
e954e359d7c67e4d	genjo	4	chart.stacked	年齢区分別の人口の推移	R1/後期高齢者（75歳以上）	3317	人	honpen p.4	✓	auto:ai	2026-10-10	
10fe68b2313708cd	genjo	4	chart.stacked	年齢区分別の人口の推移	R1/前期高齢者（65〜74歳）	3076	人	honpen p.4	✓	auto:ai	2026-10-10	
b024d4273e512f3b	genjo	4	chart.stacked	年齢区分別の人口の推移	R1/40〜64歳	6772	人	honpen p.4	✓	auto:ai	2026-10-10	
2b45693b90f19adc	genjo	4	chart.stacked	年齢区分別の人口の推移	R1/0〜39歳	8353	人	honpen p.4	✓	auto:ai	2026-10-10	
d49f4fe2d15bd1c2	genjo	4	chart.stacked	年齢区分別の人口の推移	R2/後期高齢者（75歳以上）	3311	人	honpen p.4	✓	auto:ai	2026-10-10	
5e24d3dda910d660	genjo	4	chart.stacked	年齢区分別の人口の推移	R2/前期高齢者（65〜74歳）	3158	人	honpen p.4	✓	auto:ai	2026-10-10	
9dbf1a1289737d9b	genjo	4	chart.stacked	年齢区分別の人口の推移	R2/40〜64歳	6703	人	honpen p.4	✓	auto:ai	2026-10-10	
2a8dc503ad84849c	genjo	4	chart.stacked	年齢区分別の人口の推移	R2/0〜39歳	8150	人	honpen p.4	✓	auto:ai	2026-10-10	
e8936e17bc98cc36	genjo	4	chart.stacked	年齢区分別の人口の推移	R3/後期高齢者（75歳以上）	3351	人	honpen p.4	✓	auto:ai	2026-10-10	
fd85f47ff01b7585	genjo	4	chart.stacked	年齢区分別の人口の推移	R3/前期高齢者（65〜74歳）	3172	人	honpen p.4	✓	auto:ai	2026-10-10	
15606a2f33b44dc6	genjo	4	chart.stacked	年齢区分別の人口の推移	R3/40〜64歳	6672	人	honpen p.4	✓	auto:ai	2026-10-10	要人確認:H4 難しさ6点
c84214782a554431	genjo	4	chart.stacked	年齢区分別の人口の推移	R3/0〜39歳	7941	人	honpen p.4	✓	auto:ai	2026-10-10	
d75c094d640da2d0	genjo	4	chart.stacked	年齢区分別の人口の推移	R4/後期高齢者（75歳以上）	3429	人	honpen p.4	✓	auto:ai	2026-10-10	
d9df4c7ff457b473	genjo	4	chart.stacked	年齢区分別の人口の推移	R4/前期高齢者（65〜74歳）	3111	人	honpen p.4	✓	auto:ai	2026-10-10	
a88fabc12db07087	genjo	4	chart.stacked	年齢区分別の人口の推移	R4/40〜64歳	6663	人	honpen p.4	✓	auto:ai	2026-10-10	
87f91e8a1fde532b	genjo	4	chart.stacked	年齢区分別の人口の推移	R4/0〜39歳	7828	人	honpen p.4	✓	auto:ai	2026-10-10	
94040ede68e264ce	genjo	4	chart.stacked	年齢区分別の人口の推移	R5/後期高齢者（75歳以上）	3531	人	honpen p.4	✓	auto:ai	2026-10-10	
f357743001f67840	genjo	4	chart.stacked	年齢区分別の人口の推移	R5/前期高齢者（65〜74歳）	2998	人	honpen p.4	✓	auto:ai	2026-10-10	
2b507348e09191ab	genjo	4	chart.stacked	年齢区分別の人口の推移	R5/40〜64歳	6649	人	honpen p.4	✓	auto:ai	2026-10-10	
b51a1e6d0571c12c	genjo	4	chart.stacked	年齢区分別の人口の推移	R5/0〜39歳	7700	人	honpen p.4	✓	auto:ai	2026-10-10	
42699edeb3819140	genjo	5	table	人口の推移（表）	総人口/H30	21528		honpen p.5	✓	auto:pdftext	2026-10-10	
7323b0fce2628780	genjo	5	table	人口の推移（表）	総人口/R1	21518		honpen p.5	✓	auto:pdftext	2026-10-10	
119aca981de1344a	genjo	5	table	人口の推移（表）	総人口/R2	21322		honpen p.5	✓	auto:pdftext	2026-10-10	
470cf3cec9289f37	genjo	5	table	人口の推移（表）	総人口/R3	21136		honpen p.5	✓	auto:pdftext	2026-10-10	
c1debcf7c6abd3e5	genjo	5	table	人口の推移（表）	総人口/R4	21031		honpen p.5	✓	auto:ai	2026-10-10	
319c38b148014fce	genjo	5	table	人口の推移（表）	総人口/R5	20878		honpen p.5	✓	auto:ai	2026-10-10	
ed89d03d058a969c	genjo	5	table	人口の推移（表）	0〜14歳/H30	2713		honpen p.5	✓	auto:ai	2026-10-10	
899458999c139efc	genjo	5	table	人口の推移（表）	0〜14歳/R1	2701		honpen p.5	✓	auto:ai	2026-10-10	
8818c8725fb01dd6	genjo	5	table	人口の推移（表）	0〜14歳/R2	2654		honpen p.5	✓	auto:ai	2026-10-10	
e0bab4923a399e25	genjo	5	table	人口の推移（表）	0〜14歳/R3	2576		honpen p.5	✓	auto:ai	2026-10-10	
1ce7c04cced03e44	genjo	5	table	人口の推移（表）	0〜14歳/R4	2547		honpen p.5	✓	auto:ai	2026-10-10	
b79fa575d487d2a4	genjo	5	table	人口の推移（表）	0〜14歳/R5	2510		honpen p.5	✓	auto:ai	2026-10-10	
3e4753a229f7cf09	genjo	5	table	人口の推移（表）	15〜39歳/H30	5692		honpen p.5	✓	auto:ai	2026-10-10	
fcdb754e6de764da	genjo	5	table	人口の推移（表）	15〜39歳/R1	5652		honpen p.5	✓	auto:ai	2026-10-10	
f47de348b82000a1	genjo	5	table	人口の推移（表）	15〜39歳/R2	5496		honpen p.5	✓	auto:ai	2026-10-10	
a1bcad00ee0cee09	genjo	5	table	人口の推移（表）	15〜39歳/R3	5365		honpen p.5	✓	auto:ai	2026-10-10	
ee11c8324f91023e	genjo	5	table	人口の推移（表）	15〜39歳/R4	5281		honpen p.5	✓	auto:ai	2026-10-10	
156c7d208cab025a	genjo	5	table	人口の推移（表）	15〜39歳/R5	5190		honpen p.5	✓	auto:ai	2026-10-10	
670b950e16a6612b	genjo	5	table	人口の推移（表）	40〜64歳/H30	6790		honpen p.5	✓	auto:ai	2026-10-10	
6883df39257b5238	genjo	5	table	人口の推移（表）	40〜64歳/R1	6772		honpen p.5	✓	auto:ai	2026-10-10	
e9c2aa3f43becfe2	genjo	5	table	人口の推移（表）	40〜64歳/R2	6703		honpen p.5	✓	auto:ai	2026-10-10	
83e81de499610b0a	genjo	5	table	人口の推移（表）	40〜64歳/R3	6672		honpen p.5	✓	auto:ai	2026-10-10	
718f6d2e1915949e	genjo	5	table	人口の推移（表）	40〜64歳/R4	6663		honpen p.5	✓	auto:ai	2026-10-10	
ba8d4eb17ad5ff3d	genjo	5	table	人口の推移（表）	40〜64歳/R5	6649		honpen p.5	✓	auto:ai	2026-10-10	
fb7801505a220e1e	genjo	5	table	人口の推移（表）	65歳以上/H30	6333		honpen p.5	✓	auto:pdftext	2026-10-10	
c43c744534933581	genjo	5	table	人口の推移（表）	65歳以上/R1	6393		honpen p.5	✓	auto:pdftext	2026-10-10	
50873af37eec25f2	genjo	5	table	人口の推移（表）	65歳以上/R2	6469		honpen p.5	✓	auto:pdftext	2026-10-10	
63bf40a0d4e34fcb	genjo	5	table	人口の推移（表）	65歳以上/R3	6523		honpen p.5	✓	auto:pdftext	2026-10-10	
f1b07d60871a7e74	genjo	5	table	人口の推移（表）	65歳以上/R4	6540		honpen p.5	✓	auto:ai	2026-10-10	
f2d244675771f1f1	genjo	5	table	人口の推移（表）	65歳以上/R5	6529		honpen p.5	✓	auto:ai	2026-10-10	
7dc87eb07d002a9e	genjo	5	table	人口の推移（表）	65〜74歳/H30	3090		honpen p.5	✓	auto:ai	2026-10-10	
f388359acdb65062	genjo	5	table	人口の推移（表）	65〜74歳/R1	3076		honpen p.5	✓	auto:ai	2026-10-10	
eb42dee892f391fa	genjo	5	table	人口の推移（表）	65〜74歳/R2	3158		honpen p.5	✓	auto:ai	2026-10-10	
0dc0641a7a8ffe1b	genjo	5	table	人口の推移（表）	65〜74歳/R3	3172		honpen p.5	✓	auto:ai	2026-10-10	
80db393fd0e4f340	genjo	5	table	人口の推移（表）	65〜74歳/R4	3111		honpen p.5	✓	auto:ai	2026-10-10	
a98145ae4650f1c1	genjo	5	table	人口の推移（表）	65〜74歳/R5	2998		honpen p.5	✓	auto:ai	2026-10-10	
8c51227b73a3bdff	genjo	5	table	人口の推移（表）	75〜84歳/H30	1996		honpen p.5	✓	auto:ai	2026-10-10	
7ae6f19d5fc413ac	genjo	5	table	人口の推移（表）	75〜84歳/R1	2040		honpen p.5	✓	auto:ai	2026-10-10	
8be67dbaa452ee1b	genjo	5	table	人口の推移（表）	75〜84歳/R2	2015		honpen p.5	✓	auto:ai	2026-10-10	
9c24dfa2e96ed177	genjo	5	table	人口の推移（表）	75〜84歳/R3	2024		honpen p.5	✓	auto:ai	2026-10-10	
e5e96a84bd982715	genjo	5	table	人口の推移（表）	75〜84歳/R4	2099		honpen p.5	✓	auto:ai	2026-10-10	
c9624fab5c722ecb	genjo	5	table	人口の推移（表）	75〜84歳/R5	2236		honpen p.5	✓	auto:ai	2026-10-10	
ea7a6f72ea646b74	genjo	5	table	人口の推移（表）	85歳以上/H30	1247		honpen p.5	✓	auto:pdftext	2026-10-10	
b00727088c64a1f2	genjo	5	table	人口の推移（表）	85歳以上/R1	1277		honpen p.5	✓	auto:pdftext	2026-10-10	
5d5e40ab5f3701c1	genjo	5	table	人口の推移（表）	85歳以上/R2	1296		honpen p.5	✓	auto:pdftext	2026-10-10	
e90db13e7e4ca380	genjo	5	table	人口の推移（表）	85歳以上/R3	1327		honpen p.5	✓	auto:pdftext	2026-10-10	
c9e369b3c51f90ac	genjo	5	table	人口の推移（表）	85歳以上/R4	1330		honpen p.5	✓	auto:ai	2026-10-10	
13310bd560c588e5	genjo	5	table	人口の推移（表）	85歳以上/R5	1295		honpen p.5	✓	auto:ai	2026-10-10	
14be5b9d812dd537	genjo	5	table	人口の推移（表）	65歳以上の割合（%）/H30	29.4		honpen p.5	✓	auto:ai	2026-10-10	
f714052bddc63d04	genjo	5	table	人口の推移（表）	65歳以上の割合（%）/R1	29.7		honpen p.5	✓	auto:ai	2026-10-10	
bbc1c6f2a5faca9d	genjo	5	table	人口の推移（表）	65歳以上の割合（%）/R2	30.3		honpen p.5	✓	auto:ai	2026-10-10	
6fad7b0e395d40ab	genjo	5	table	人口の推移（表）	65歳以上の割合（%）/R3	30.9		honpen p.5	✓	auto:ai	2026-10-10	
c10b03c5c0b2e775	genjo	5	table	人口の推移（表）	65歳以上の割合（%）/R4	31.1		honpen p.5	✓	auto:ai	2026-10-10	
93ae2463cf9a4399	genjo	5	table	人口の推移（表）	65歳以上の割合（%）/R5	31.3		honpen p.5	✓	auto:ai	2026-10-10	
bde68f15304585a9	genjo	5	table	人口の推移（表）	85歳以上の割合（%）/H30	5.8		honpen p.5	✓	auto:ai	2026-10-10	
96eb3fa7fe77704a	genjo	5	table	人口の推移（表）	85歳以上の割合（%）/R1	5.9		honpen p.5	✓	auto:ai	2026-10-10	
206806ce10cbf94f	genjo	5	table	人口の推移（表）	85歳以上の割合（%）/R2	6.1		honpen p.5	✓	auto:ai	2026-10-10	
d7bf86ee025925b0	genjo	5	table	人口の推移（表）	85歳以上の割合（%）/R3	6.3		honpen p.5	✓	auto:ai	2026-10-10	
a87c649dd3690e0c	genjo	5	table	人口の推移（表）	85歳以上の割合（%）/R4	6.3		honpen p.5	✓	auto:ai	2026-10-10	要人確認:H4 難しさ5点
c1f4c98be46bffb0	genjo	5	table	人口の推移（表）	85歳以上の割合（%）/R5	6.2		honpen p.5	✓	auto:ai	2026-10-10	
52ebc6b4f37f7102	genjo	8	chart.stacked100	一般世帯における高齢者のいる世帯の割合（令和2年）	日野町/高齢者のいる世帯	49.9	%	honpen p.6	✓	auto:ai	2026-10-10	要人確認:H4 難しさ3点
a5c19c73b831bc7f	genjo	8	chart.stacked100	一般世帯における高齢者のいる世帯の割合（令和2年）	日野町/高齢者のいない世帯	50.1	%	honpen p.6	✓	auto:ai	2026-10-10	
5c6fd531cc97eb66	genjo	8	chart.stacked100	一般世帯における高齢者のいる世帯の割合（令和2年）	滋賀県/高齢者のいる世帯	40.6	%	honpen p.6	✓	auto:ai	2026-10-10	
a29fba2e46a81f99	genjo	8	chart.stacked100	一般世帯における高齢者のいる世帯の割合（令和2年）	滋賀県/高齢者のいない世帯	59.4	%	honpen p.6	✓	auto:ai	2026-10-10	
c83f4a82c5fed597	genjo	8	chart.stacked100	一般世帯における高齢者のいる世帯の割合（令和2年）	全国/高齢者のいる世帯	40.7	%	honpen p.6	✓	auto:ai	2026-10-10	
09b05a0fb9c9d63b	genjo	8	chart.stacked100	一般世帯における高齢者のいる世帯の割合（令和2年）	全国/高齢者のいない世帯	59.3	%	honpen p.6	✓	auto:ai	2026-10-10	
9260e8e9a78945af	genjo	9	table	高齢者のいる世帯の状況（令和2年）	日野町（世帯）/一般世帯数	7918		honpen p.6	✓	auto:ai	2026-10-10	
8f5c8d295f624fcd	genjo	9	table	高齢者のいる世帯の状況（令和2年）	日野町（世帯）/うち高齢者のいる世帯	3950		honpen p.6	✓	auto:ai	2026-10-10	
7dc12d0f7b29d638	genjo	9	table	高齢者のいる世帯の状況（令和2年）	日野町（世帯）/単独世帯・親族世帯	3937		honpen p.6	✓	auto:ai	2026-10-10	
fb9a88c9d3aab360	genjo	9	table	高齢者のいる世帯の状況（令和2年）	日野町（世帯）/単独世帯	733		honpen p.6	✓	auto:ai	2026-10-10	
37dc024f05630f63	genjo	9	table	高齢者のいる世帯の状況（令和2年）	日野町（世帯）/夫婦のみ世帯	1084		honpen p.6	✓	auto:ai	2026-10-10	
5d639c678b34c98e	genjo	9	table	高齢者のいる世帯の状況（令和2年）	日野町（世帯）/その他の親族同居世帯	2120		honpen p.6	✓	auto:ai	2026-10-10	
edbe080aa75ba763	genjo	9	table	高齢者のいる世帯の状況（令和2年）	日野町（世帯）/その他世帯	13		honpen p.6	✓	auto:ai	2026-10-10	
cc0c83cd26e63526	genjo	9	table	高齢者のいる世帯の状況（令和2年）	日野町（%）/一般世帯数	100.0		honpen p.6	✓	auto:ai	2026-10-10	
c7fa63a4dd25818d	genjo	9	table	高齢者のいる世帯の状況（令和2年）	日野町（%）/うち高齢者のいる世帯	49.9		honpen p.6	✓	auto:ai	2026-10-10	
891c2d9a7a055aca	genjo	9	table	高齢者のいる世帯の状況（令和2年）	日野町（%）/単独世帯・親族世帯	49.7		honpen p.6	✓	auto:ai	2026-10-10	
608419f45beb910f	genjo	9	table	高齢者のいる世帯の状況（令和2年）	日野町（%）/単独世帯	9.3		honpen p.6	✓	auto:ai	2026-10-10	
47e06a4bf534e597	genjo	9	table	高齢者のいる世帯の状況（令和2年）	日野町（%）/夫婦のみ世帯	13.7		honpen p.6	✓	auto:ai	2026-10-10	
6d8f605b695ef364	genjo	9	table	高齢者のいる世帯の状況（令和2年）	日野町（%）/その他の親族同居世帯	26.8		honpen p.6	✓	auto:ai	2026-10-10	
49bad621e8bcacb2	genjo	9	table	高齢者のいる世帯の状況（令和2年）	日野町（%）/その他世帯	0.2		honpen p.6	✓	auto:ai	2026-10-10	要人確認:H4 難しさ3点
80048f5aec070852	genjo	9	table	高齢者のいる世帯の状況（令和2年）	滋賀県（世帯）/一般世帯数	570529		honpen p.6	✓	auto:ai	2026-10-10	
f2b7003325996cf6	genjo	9	table	高齢者のいる世帯の状況（令和2年）	滋賀県（世帯）/うち高齢者のいる世帯	231504		honpen p.6	✓	auto:ai	2026-10-10	
b76fa9b900619c38	genjo	9	table	高齢者のいる世帯の状況（令和2年）	滋賀県（世帯）/単独世帯・親族世帯	230197		honpen p.6	✓	auto:ai	2026-10-10	
45758f112f3adeb4	genjo	9	table	高齢者のいる世帯の状況（令和2年）	滋賀県（世帯）/単独世帯	53625		honpen p.6	✓	auto:ai	2026-10-10	
071f0229ae9b1348	genjo	9	table	高齢者のいる世帯の状況（令和2年）	滋賀県（世帯）/夫婦のみ世帯	73220		honpen p.6	✓	auto:ai	2026-10-10	
c21da459dbf8172a	genjo	9	table	高齢者のいる世帯の状況（令和2年）	滋賀県（世帯）/その他の親族同居世帯	103352		honpen p.6	✓	auto:ai	2026-10-10	
1c13f537007a33d3	genjo	9	table	高齢者のいる世帯の状況（令和2年）	滋賀県（世帯）/その他世帯	1307		honpen p.6	✓	auto:ai	2026-10-10	
2384e4e661bb4c14	genjo	9	table	高齢者のいる世帯の状況（令和2年）	滋賀県（%）/一般世帯数	100.0		honpen p.6	✓	auto:ai	2026-10-10	
647ba3f5b8369a3b	genjo	9	table	高齢者のいる世帯の状況（令和2年）	滋賀県（%）/うち高齢者のいる世帯	40.6		honpen p.6	✓	auto:ai	2026-10-10	
790ea4dfb6fefd56	genjo	9	table	高齢者のいる世帯の状況（令和2年）	滋賀県（%）/単独世帯・親族世帯	40.3		honpen p.6	✓	auto:ai	2026-10-10	
98becd1abf4d942a	genjo	9	table	高齢者のいる世帯の状況（令和2年）	滋賀県（%）/単独世帯	9.4		honpen p.6	✓	auto:ai	2026-10-10	
b765ff6d7cd65a37	genjo	9	table	高齢者のいる世帯の状況（令和2年）	滋賀県（%）/夫婦のみ世帯	12.8		honpen p.6	✓	auto:ai	2026-10-10	
bbb755ba629c7c02	genjo	9	table	高齢者のいる世帯の状況（令和2年）	滋賀県（%）/その他の親族同居世帯	18.1		honpen p.6	✓	auto:ai	2026-10-10	
eb2e7aa5e0b43fe1	genjo	9	table	高齢者のいる世帯の状況（令和2年）	滋賀県（%）/その他世帯	0.2		honpen p.6	✓	auto:ai	2026-10-10	
edc26e72a3b793a2	genjo	9	table	高齢者のいる世帯の状況（令和2年）	全国（世帯）/一般世帯数	55704949		honpen p.6	✓	auto:ai	2026-10-10	
95a979911b8ff0d2	genjo	9	table	高齢者のいる世帯の状況（令和2年）	全国（世帯）/うち高齢者のいる世帯	22655031		honpen p.6	✓	auto:ai	2026-10-10	
4d6d8a1d35b87ef6	genjo	9	table	高齢者のいる世帯の状況（令和2年）	全国（世帯）/単独世帯・親族世帯	22524170		honpen p.6	✓	auto:ai	2026-10-10	
69419253acaf9b2a	genjo	9	table	高齢者のいる世帯の状況（令和2年）	全国（世帯）/単独世帯	6716806		honpen p.6	✓	auto:ai	2026-10-10	
2c28192e85d92016	genjo	9	table	高齢者のいる世帯の状況（令和2年）	全国（世帯）/夫婦のみ世帯	6848041		honpen p.6	✓	auto:ai	2026-10-10	
f8fde6ed26f9e926	genjo	9	table	高齢者のいる世帯の状況（令和2年）	全国（世帯）/その他の親族同居世帯	8959323		honpen p.6	✓	auto:ai	2026-10-10	
cd74b5c72371b74a	genjo	9	table	高齢者のいる世帯の状況（令和2年）	全国（世帯）/その他世帯	130861		honpen p.6	✓	auto:ai	2026-10-10	
066c6f5d3af9dc67	genjo	9	table	高齢者のいる世帯の状況（令和2年）	全国（%）/一般世帯数	100.0		honpen p.6	✓	auto:ai	2026-10-10	
3a49b7e53d8e00b7	genjo	9	table	高齢者のいる世帯の状況（令和2年）	全国（%）/うち高齢者のいる世帯	40.7		honpen p.6	✓	auto:ai	2026-10-10	
5286b247d5071357	genjo	9	table	高齢者のいる世帯の状況（令和2年）	全国（%）/単独世帯・親族世帯	40.4		honpen p.6	✓	auto:ai	2026-10-10	
41b941f4821652f4	genjo	9	table	高齢者のいる世帯の状況（令和2年）	全国（%）/単独世帯	12.1		honpen p.6	✓	auto:ai	2026-10-10	
f780baa379fc9b59	genjo	9	table	高齢者のいる世帯の状況（令和2年）	全国（%）/夫婦のみ世帯	12.3		honpen p.6	✓	auto:ai	2026-10-10	
4cc4f66a1d6f1154	genjo	9	table	高齢者のいる世帯の状況（令和2年）	全国（%）/その他の親族同居世帯	16.1		honpen p.6	✓	auto:ai	2026-10-10	
4b649ad2add4f294	genjo	9	table	高齢者のいる世帯の状況（令和2年）	全国（%）/その他世帯	0.2		honpen p.6	✓	auto:ai	2026-10-10	
c9907d68f392c7f1	genjo	12	chart.stacked	要支援・要介護度別の認定者数	H30/要支援1	74	人	honpen p.8	✓	auto:ai	2026-10-10	
c5ad378335a7c197	genjo	12	chart.stacked	要支援・要介護度別の認定者数	H30/要支援2	104	人	honpen p.8	✓	auto:ai	2026-10-10	
26b1f5eff0198333	genjo	12	chart.stacked	要支援・要介護度別の認定者数	H30/要介護1	220	人	honpen p.8	✓	auto:ai	2026-10-10	
ac5c93ff99c35578	genjo	12	chart.stacked	要支援・要介護度別の認定者数	H30/要介護2	226	人	honpen p.8	✓	auto:ai	2026-10-10	
a64fab50393830c3	genjo	12	chart.stacked	要支援・要介護度別の認定者数	H30/要介護3	156	人	honpen p.8	✓	auto:ai	2026-10-10	
59b842f7ac99e94a	genjo	12	chart.stacked	要支援・要介護度別の認定者数	H30/要介護4	140	人	honpen p.8	✓	auto:ai	2026-10-10	
c40b8a06425e04dd	genjo	12	chart.stacked	要支援・要介護度別の認定者数	H30/要介護5	122	人	honpen p.8	✓	auto:ai	2026-10-10	
deef63d9f47f0156	genjo	12	chart.stacked	要支援・要介護度別の認定者数	R1/要支援1	79	人	honpen p.8	✓	auto:ai	2026-10-10	
0264a7c6c9f0a2bd	genjo	12	chart.stacked	要支援・要介護度別の認定者数	R1/要支援2	105	人	honpen p.8	✓	auto:ai	2026-10-10	
b2ab2f9464f504d5	genjo	12	chart.stacked	要支援・要介護度別の認定者数	R1/要介護1	253	人	honpen p.8	✓	auto:ai	2026-10-10	
e88c6435b05fe7b2	genjo	12	chart.stacked	要支援・要介護度別の認定者数	R1/要介護2	228	人	honpen p.8	✓	auto:ai	2026-10-10	
e07a1a6715b2548a	genjo	12	chart.stacked	要支援・要介護度別の認定者数	R1/要介護3	149	人	honpen p.8	✓	auto:ai	2026-10-10	
7fbb7b2323f294f8	genjo	12	chart.stacked	要支援・要介護度別の認定者数	R1/要介護4	147	人	honpen p.8	✓	auto:ai	2026-10-10	
ad3f9471c1f2d488	genjo	12	chart.stacked	要支援・要介護度別の認定者数	R1/要介護5	105	人	honpen p.8	✓	auto:ai	2026-10-10	
e72f9919e10d382d	genjo	12	chart.stacked	要支援・要介護度別の認定者数	R2/要支援1	91	人	honpen p.8	✓	auto:ai	2026-10-10	
9fa64c461c24ab44	genjo	12	chart.stacked	要支援・要介護度別の認定者数	R2/要支援2	101	人	honpen p.8	✓	auto:ai	2026-10-10	
630267d259f3fb7d	genjo	12	chart.stacked	要支援・要介護度別の認定者数	R2/要介護1	244	人	honpen p.8	✓	auto:ai	2026-10-10	
54f50d6ef113fdd3	genjo	12	chart.stacked	要支援・要介護度別の認定者数	R2/要介護2	223	人	honpen p.8	✓	auto:ai	2026-10-10	
a7509f82fd80119c	genjo	12	chart.stacked	要支援・要介護度別の認定者数	R2/要介護3	167	人	honpen p.8	✓	auto:ai	2026-10-10	
c6d478648b104933	genjo	12	chart.stacked	要支援・要介護度別の認定者数	R2/要介護4	133	人	honpen p.8	✓	auto:ai	2026-10-10	
cbb75186b1ad9aaa	genjo	12	chart.stacked	要支援・要介護度別の認定者数	R2/要介護5	103	人	honpen p.8	✓	auto:ai	2026-10-10	
3e96db3c190cae79	genjo	12	chart.stacked	要支援・要介護度別の認定者数	R3/要支援1	87	人	honpen p.8	✓	auto:ai	2026-10-10	
e667b4cb543a433f	genjo	12	chart.stacked	要支援・要介護度別の認定者数	R3/要支援2	110	人	honpen p.8	✓	auto:ai	2026-10-10	
e7ffc3c800f70121	genjo	12	chart.stacked	要支援・要介護度別の認定者数	R3/要介護1	241	人	honpen p.8	✓	auto:ai	2026-10-10	
7c498a563a091962	genjo	12	chart.stacked	要支援・要介護度別の認定者数	R3/要介護2	223	人	honpen p.8	✓	auto:ai	2026-10-10	
19be9dda97bbf2b8	genjo	12	chart.stacked	要支援・要介護度別の認定者数	R3/要介護3	161	人	honpen p.8	✓	auto:ai	2026-10-10	
f2cb0cc30a186b37	genjo	12	chart.stacked	要支援・要介護度別の認定者数	R3/要介護4	164	人	honpen p.8	✓	auto:ai	2026-10-10	
b511baad58a54878	genjo	12	chart.stacked	要支援・要介護度別の認定者数	R3/要介護5	90	人	honpen p.8	✓	auto:ai	2026-10-10	
e0c51c3c8fc19459	genjo	12	chart.stacked	要支援・要介護度別の認定者数	R4/要支援1	80	人	honpen p.8	✓	auto:ai	2026-10-10	要人確認:H4 難しさ6点
0b6cee832a04050c	genjo	12	chart.stacked	要支援・要介護度別の認定者数	R4/要支援2	122	人	honpen p.8	✓	auto:ai	2026-10-10	
bff4a1dd7c2eb6dc	genjo	12	chart.stacked	要支援・要介護度別の認定者数	R4/要介護1	247	人	honpen p.8	✓	auto:ai	2026-10-10	
e2e54e6912b08dd9	genjo	12	chart.stacked	要支援・要介護度別の認定者数	R4/要介護2	197	人	honpen p.8	✓	auto:ai	2026-10-10	
6a916954a945e9ca	genjo	12	chart.stacked	要支援・要介護度別の認定者数	R4/要介護3	196	人	honpen p.8	✓	auto:ai	2026-10-10	
a29755eaf654cbc8	genjo	12	chart.stacked	要支援・要介護度別の認定者数	R4/要介護4	169	人	honpen p.8	✓	auto:ai	2026-10-10	
fee172ecd821a09f	genjo	12	chart.stacked	要支援・要介護度別の認定者数	R4/要介護5	94	人	honpen p.8	✓	auto:ai	2026-10-10	
6f9da7f0e3d31a25	genjo	12	chart.stacked	要支援・要介護度別の認定者数	R5/要支援1	84	人	honpen p.8	✓	auto:ai	2026-10-10	
01d35b3ebc4b152d	genjo	12	chart.stacked	要支援・要介護度別の認定者数	R5/要支援2	103	人	honpen p.8	✓	auto:ai	2026-10-10	
68973bdef0e70810	genjo	12	chart.stacked	要支援・要介護度別の認定者数	R5/要介護1	243	人	honpen p.8	✓	auto:ai	2026-10-10	
599f217332477018	genjo	12	chart.stacked	要支援・要介護度別の認定者数	R5/要介護2	214	人	honpen p.8	✓	auto:ai	2026-10-10	
e32f013d5caca9e4	genjo	12	chart.stacked	要支援・要介護度別の認定者数	R5/要介護3	203	人	honpen p.8	✓	auto:ai	2026-10-10	
70fe6010ac7d1f8d	genjo	12	chart.stacked	要支援・要介護度別の認定者数	R5/要介護4	140	人	honpen p.8	✓	auto:ai	2026-10-10	
403d35780a5a6f1c	genjo	12	chart.stacked	要支援・要介護度別の認定者数	R5/要介護5	91	人	honpen p.8	✓	auto:ai	2026-10-10	
6c981a83dc182e9f	genjo	13	table	要支援・要介護の認定者	認定者数（人）/H30	1042		honpen p.8	✓	auto:ai	2026-10-10	
39969050fea84235	genjo	13	table	要支援・要介護の認定者	認定者数（人）/R1	1066		honpen p.8	✓	auto:pdftext	2026-10-10	
dc4c7c9fb1631e22	genjo	13	table	要支援・要介護の認定者	認定者数（人）/R2	1062		honpen p.8	✓	auto:pdftext	2026-10-10	
6c478155d6ccd0ce	genjo	13	table	要支援・要介護の認定者	認定者数（人）/R3	1076		honpen p.8	✓	auto:ai	2026-10-10	
8a96a8f696cbf151	genjo	13	table	要支援・要介護の認定者	認定者数（人）/R4	1105		honpen p.8	✓	auto:ai	2026-10-10	
a94e7d5caee50c3b	genjo	13	table	要支援・要介護の認定者	認定者数（人）/R5	1078		honpen p.8	✓	auto:ai	2026-10-10	
7df8a526d73522a6	genjo	13	table	要支援・要介護の認定者	認定率（%）/H30	16.5		honpen p.8	✓	auto:ai	2026-10-10	
cad131df12f504f4	genjo	13	table	要支援・要介護の認定者	認定率（%）/R1	16.7		honpen p.8	✓	auto:ai	2026-10-10	
9533e73921362754	genjo	13	table	要支援・要介護の認定者	認定率（%）/R2	16.4		honpen p.8	✓	auto:ai	2026-10-10	
6cb0380d22f3f762	genjo	13	table	要支援・要介護の認定者	認定率（%）/R3	16.5		honpen p.8	✓	auto:ai	2026-10-10	要人確認:H4 難しさ2点
236d6366e263d108	genjo	13	table	要支援・要介護の認定者	認定率（%）/R4	16.9		honpen p.8	✓	auto:ai	2026-10-10	
ceeb54fb3ebe559d	genjo	13	table	要支援・要介護の認定者	認定率（%）/R5	16.5		honpen p.8	✓	auto:ai	2026-10-10	
9a21ab95672b9633	genjo	14	chart.bars	年齢別の認定者の出現率（令和5年）	40〜64歳	0.2	%	honpen p.8	✓	auto:ai	2026-10-10	
7b2a488081572cdd	genjo	14	chart.bars	年齢別の認定者の出現率（令和5年）	65〜69歳	1.4	%	honpen p.8	✓	auto:ai	2026-10-10	
a500bfa84b17e00b	genjo	14	chart.bars	年齢別の認定者の出現率（令和5年）	70〜74歳	4.4	%	honpen p.8	✓	auto:ai	2026-10-10	
09b323f29d5a694f	genjo	14	chart.bars	年齢別の認定者の出現率（令和5年）	75〜79歳	8.7	%	honpen p.8	✓	auto:ai	2026-10-10	要人確認:H4 難しさ4点
51151ae51e219271	genjo	14	chart.bars	年齢別の認定者の出現率（令和5年）	80〜84歳	18.3	%	honpen p.8	✓	auto:ai	2026-10-10	
688c71219c0ea013	genjo	14	chart.bars	年齢別の認定者の出現率（令和5年）	85〜89歳	40.4	%	honpen p.8	✓	auto:ai	2026-10-10	
4ae97669d49d6579	genjo	14	chart.bars	年齢別の認定者の出現率（令和5年）	90歳以上	68.5	%	honpen p.8	✓	auto:ai	2026-10-10	
dbbd70af07001dea	genjo	17	chart.rank	高齢化率の県内比較（令和2年）	高島市	35.9	%	honpen p.9	✓	auto:ai	2026-10-10	
ed8990ed981aa6c8	genjo	17	chart.rank	高齢化率の県内比較（令和2年）	多賀町	33.9	%	honpen p.9	✓	auto:ai	2026-10-10	
e17ec52f23396d40	genjo	17	chart.rank	高齢化率の県内比較（令和2年）	甲良町	33.3	%	honpen p.9	✓	auto:ai	2026-10-10	
15e00673a6f15ac9	genjo	17	chart.rank	高齢化率の県内比較（令和2年）	日野町	30.6	%	honpen p.9	✓	auto:ai	2026-10-10	
99c1c1a906572ecd	genjo	17	chart.rank	高齢化率の県内比較（令和2年）	米原市	29.7	%	honpen p.9	✓	auto:ai	2026-10-10	
e9855870ca8e33c3	genjo	17	chart.rank	高齢化率の県内比較（令和2年）	長浜市	28.5	%	honpen p.9	✓	auto:ai	2026-10-10	
e410222c6a129a64	genjo	17	chart.rank	高齢化率の県内比較（令和2年）	甲賀市	28.2	%	honpen p.9	✓	auto:ai	2026-10-10	
40cda3610da9676b	genjo	17	chart.rank	高齢化率の県内比較（令和2年）	竜王町	28.1	%	honpen p.9	✓	auto:ai	2026-10-10	
43b569bad8d3b56a	genjo	17	chart.rank	高齢化率の県内比較（令和2年）	豊郷町	27.8	%	honpen p.9	✓	auto:ai	2026-10-10	
96d77762b93aa556	genjo	17	chart.rank	高齢化率の県内比較（令和2年）	近江八幡市	27.7	%	honpen p.9	✓	auto:ai	2026-10-10	
0aed2494deaf1635	genjo	17	chart.rank	高齢化率の県内比較（令和2年）	東近江市	26.8	%	honpen p.9	✓	auto:ai	2026-10-10	要人確認:H4 難しさ4点
edb637e312f3eb2a	genjo	17	chart.rank	高齢化率の県内比較（令和2年）	大津市	26.2	%	honpen p.9	✓	auto:ai	2026-10-10	
165d0aded8549c6a	genjo	17	chart.rank	高齢化率の県内比較（令和2年）	野洲市	26.1	%	honpen p.9	✓	auto:ai	2026-10-10	
1faa0e3dc8395618	genjo	17	chart.rank	高齢化率の県内比較（令和2年）	彦根市	24.9	%	honpen p.9	✓	auto:ai	2026-10-10	
b185e36d4106a9ec	genjo	17	chart.rank	高齢化率の県内比較（令和2年）	湖南市	24.6	%	honpen p.9	✓	auto:ai	2026-10-10	
151f2bf694d81096	genjo	17	chart.rank	高齢化率の県内比較（令和2年）	愛荘町	22.0	%	honpen p.9	✓	auto:ai	2026-10-10	
e526200a2f38921d	genjo	17	chart.rank	高齢化率の県内比較（令和2年）	守山市	21.7	%	honpen p.9	✓	auto:ai	2026-10-10	
193944b4880a13ba	genjo	17	chart.rank	高齢化率の県内比較（令和2年）	草津市	20.9	%	honpen p.9	✓	auto:ai	2026-10-10	
a4abb0d721ae9aec	genjo	17	chart.rank	高齢化率の県内比較（令和2年）	栗東市	19.1	%	honpen p.9	✓	auto:ai	2026-10-10	
8d685f3413f4efe4	genjo	17	chart.rank	高齢化率の県内比較（令和2年）	全国	28.0	%	honpen p.9	✓	auto:ai	2026-10-10	
cd0bccc80920a3e8	genjo	17	chart.rank	高齢化率の県内比較（令和2年）	滋賀県	25.8	%	honpen p.9	✓	auto:ai	2026-10-10	
b3c4736bec6478e8	genjo	18	chart.rank	要支援・要介護認定率の県内比較（令和5年）	高島市	20.5	%	honpen p.9	✓	auto:ai	2026-10-10	
284ecaaec5d5ab01	genjo	18	chart.rank	要支援・要介護認定率の県内比較（令和5年）	甲良町	20.4	%	honpen p.9	✓	auto:ai	2026-10-10	
13cfa26204fc721e	genjo	18	chart.rank	要支援・要介護認定率の県内比較（令和5年）	豊郷町	20.2	%	honpen p.9	✓	auto:ai	2026-10-10	
78e767f165e9e9ca	genjo	18	chart.rank	要支援・要介護認定率の県内比較（令和5年）	大津市	20.1	%	honpen p.9	✓	auto:ai	2026-10-10	
fe6800e27299adb6	genjo	18	chart.rank	要支援・要介護認定率の県内比較（令和5年）	長浜市	19.9	%	honpen p.9	✓	auto:ai	2026-10-10	
430aa3fa31e89077	genjo	18	chart.rank	要支援・要介護認定率の県内比較（令和5年）	米原市	19.6	%	honpen p.9	✓	auto:ai	2026-10-10	
2c3c8ee7755a76f6	genjo	18	chart.rank	要支援・要介護認定率の県内比較（令和5年）	彦根市	18.8	%	honpen p.9	✓	auto:ai	2026-10-10	
9c783a081f007323	genjo	18	chart.rank	要支援・要介護認定率の県内比較（令和5年）	草津市	18.1	%	honpen p.9	✓	auto:ai	2026-10-10	
9d1559c32b88282c	genjo	18	chart.rank	要支援・要介護認定率の県内比較（令和5年）	野洲市	18.1	%	honpen p.9	✓	auto:ai	2026-10-10	
e0fb933e331e50a9	genjo	18	chart.rank	要支援・要介護認定率の県内比較（令和5年）	愛荘町	17.7	%	honpen p.9	✓	auto:ai	2026-10-10	
b64a1eb80f906280	genjo	18	chart.rank	要支援・要介護認定率の県内比較（令和5年）	守山市	17.6	%	honpen p.9	✓	auto:ai	2026-10-10	
4e54375dad4c752f	genjo	18	chart.rank	要支援・要介護認定率の県内比較（令和5年）	甲賀市	17.6	%	honpen p.9	✓	auto:ai	2026-10-10	
08ce3ac7c6b26b19	genjo	18	chart.rank	要支援・要介護認定率の県内比較（令和5年）	日野町	16.4	%	honpen p.9	✓	auto:ai	2026-10-10	要人確認:H4 難しさ6点
fc0181a22defad9e	genjo	18	chart.rank	要支援・要介護認定率の県内比較（令和5年）	竜王町	16.4	%	honpen p.9	✓	auto:ai	2026-10-10	
c943dce3564e3efc	genjo	18	chart.rank	要支援・要介護認定率の県内比較（令和5年）	栗東市	16.2	%	honpen p.9	✓	auto:ai	2026-10-10	
c5d496a179ed3524	genjo	18	chart.rank	要支援・要介護認定率の県内比較（令和5年）	東近江市	15.6	%	honpen p.9	✓	auto:ai	2026-10-10	
4a06ec6bfdefbe84	genjo	18	chart.rank	要支援・要介護認定率の県内比較（令和5年）	多賀町	15.4	%	honpen p.9	✓	auto:ai	2026-10-10	
2fb8b9217887b97a	genjo	18	chart.rank	要支援・要介護認定率の県内比較（令和5年）	近江八幡市	14.9	%	honpen p.9	✓	auto:ai	2026-10-10	
cf5bce3bfce86974	genjo	18	chart.rank	要支援・要介護認定率の県内比較（令和5年）	湖南市	14.8	%	honpen p.9	✓	auto:ai	2026-10-10	
9a2a509ec5aa27e6	genjo	18	chart.rank	要支援・要介護認定率の県内比較（令和5年）	全国	19.4	%	honpen p.9	✓	auto:ai	2026-10-10	
4f282dac670fb84d	genjo	18	chart.rank	要支援・要介護認定率の県内比較（令和5年）	滋賀県	18.3	%	honpen p.9	✓	auto:ai	2026-10-10	
b91ba9ec83276f60	genjo	19	chart.rank	施設サービスの受給率（令和4年）	多賀町	4.1	%	honpen p.10	✓	auto:ai	2026-10-10	
5bf01712d44b18d8	genjo	19	chart.rank	施設サービスの受給率（令和4年）	高島市	3.7	%	honpen p.10	✓	auto:ai	2026-10-10	
638e21e697a070fc	genjo	19	chart.rank	施設サービスの受給率（令和4年）	米原市	3.7	%	honpen p.10	✓	auto:ai	2026-10-10	
3564af52fe9134b5	genjo	19	chart.rank	施設サービスの受給率（令和4年）	日野町	3.7	%	honpen p.10	✓	auto:ai	2026-10-10	
e2548a52469d06d9	genjo	19	chart.rank	施設サービスの受給率（令和4年）	甲良町	3.7	%	honpen p.10	✓	auto:ai	2026-10-10	
46a6f3c8dc92a186	genjo	19	chart.rank	施設サービスの受給率（令和4年）	豊郷町	3.4	%	honpen p.10	✓	auto:ai	2026-10-10	
35af77258c1b0ba6	genjo	19	chart.rank	施設サービスの受給率（令和4年）	愛荘町	3.4	%	honpen p.10	✓	auto:ai	2026-10-10	
02fbdfeb76729366	genjo	19	chart.rank	施設サービスの受給率（令和4年）	長浜市	3.3	%	honpen p.10	✓	auto:ai	2026-10-10	
a8bc23af8fb7f565	genjo	19	chart.rank	施設サービスの受給率（令和4年）	野洲市	3.1	%	honpen p.10	✓	auto:ai	2026-10-10	
a4fa6be94976f5ff	genjo	19	chart.rank	施設サービスの受給率（令和4年）	甲賀市	3.0	%	honpen p.10	✓	auto:ai	2026-10-10	
eb7b8e622f1fb097	genjo	19	chart.rank	施設サービスの受給率（令和4年）	湖南市	2.8	%	honpen p.10	✓	auto:ai	2026-10-10	
81c34a85c43b5637	genjo	19	chart.rank	施設サービスの受給率（令和4年）	東近江市	2.8	%	honpen p.10	✓	auto:ai	2026-10-10	
ffdae6f2d44c3648	genjo	19	chart.rank	施設サービスの受給率（令和4年）	彦根市	2.7	%	honpen p.10	✓	auto:ai	2026-10-10	
e1f36ada036a8476	genjo	19	chart.rank	施設サービスの受給率（令和4年）	草津市	2.7	%	honpen p.10	✓	auto:ai	2026-10-10	
244747fc58c4240a	genjo	19	chart.rank	施設サービスの受給率（令和4年）	近江八幡市	2.5	%	honpen p.10	✓	auto:ai	2026-10-10	
faa44342b3840464	genjo	19	chart.rank	施設サービスの受給率（令和4年）	守山市	2.5	%	honpen p.10	✓	auto:ai	2026-10-10	
b023bfe0485355d9	genjo	19	chart.rank	施設サービスの受給率（令和4年）	栗東市	2.5	%	honpen p.10	✓	auto:ai	2026-10-10	
bb6dd7a414315880	genjo	19	chart.rank	施設サービスの受給率（令和4年）	竜王町	2.3	%	honpen p.10	✓	auto:ai	2026-10-10	
b7b7a5c56e4f8631	genjo	19	chart.rank	施設サービスの受給率（令和4年）	大津市	2.1	%	honpen p.10	✓	auto:ai	2026-10-10	
e203baddd8cba0b7	genjo	19	chart.rank	施設サービスの受給率（令和4年）	全国	2.7	%	honpen p.10	✓	auto:ai	2026-10-10	
132d66e6618e024f	genjo	19	chart.rank	施設サービスの受給率（令和4年）	滋賀県	2.8	%	honpen p.10	✓	auto:ai	2026-10-10	要人確認:H4 難しさ7点
cd61a477da37fd1f	genjo	20	chart.rank	居住系サービスの受給率（令和4年）	大津市	1.1	%	honpen p.10	✓	auto:ai	2026-10-10	
f5e7e8e973df542b	genjo	20	chart.rank	居住系サービスの受給率（令和4年）	竜王町	0.9	%	honpen p.10	✓	auto:ai	2026-10-10	
7cd422082f9b08f3	genjo	20	chart.rank	居住系サービスの受給率（令和4年）	愛荘町	0.8	%	honpen p.10	✓	auto:ai	2026-10-10	
def301ae804e9efb	genjo	20	chart.rank	居住系サービスの受給率（令和4年）	近江八幡市	0.8	%	honpen p.10	✓	auto:ai	2026-10-10	
9f6b111561172d4d	genjo	20	chart.rank	居住系サービスの受給率（令和4年）	甲賀市	0.8	%	honpen p.10	✓	auto:ai	2026-10-10	
e8a959265e0123fa	genjo	20	chart.rank	居住系サービスの受給率（令和4年）	豊郷町	0.8	%	honpen p.10	✓	auto:ai	2026-10-10	
97c528606d05542d	genjo	20	chart.rank	居住系サービスの受給率（令和4年）	多賀町	0.7	%	honpen p.10	✓	auto:ai	2026-10-10	
aeeb397092d6047b	genjo	20	chart.rank	居住系サービスの受給率（令和4年）	彦根市	0.7	%	honpen p.10	✓	auto:ai	2026-10-10	
9f791574924801bd	genjo	20	chart.rank	居住系サービスの受給率（令和4年）	長浜市	0.7	%	honpen p.10	✓	auto:ai	2026-10-10	
d289a5321db0d4bb	genjo	20	chart.rank	居住系サービスの受給率（令和4年）	高島市	0.7	%	honpen p.10	✓	auto:ai	2026-10-10	
d73807808afa1aa4	genjo	20	chart.rank	居住系サービスの受給率（令和4年）	守山市	0.7	%	honpen p.10	✓	auto:ai	2026-10-10	
5c0f83b265db42bd	genjo	20	chart.rank	居住系サービスの受給率（令和4年）	米原市	0.7	%	honpen p.10	✓	auto:ai	2026-10-10	
e4ee90dabf3d8093	genjo	20	chart.rank	居住系サービスの受給率（令和4年）	草津市	0.6	%	honpen p.10	✓	auto:ai	2026-10-10	
16f963ec7cef2348	genjo	20	chart.rank	居住系サービスの受給率（令和4年）	野洲市	0.6	%	honpen p.10	✓	auto:ai	2026-10-10	要人確認:H4 難しさ7点
1780b3cdb51732cf	genjo	20	chart.rank	居住系サービスの受給率（令和4年）	日野町	0.6	%	honpen p.10	✓	auto:ai	2026-10-10	
c7165bd220428b56	genjo	20	chart.rank	居住系サービスの受給率（令和4年）	甲良町	0.6	%	honpen p.10	✓	auto:ai	2026-10-10	
3ea5a4bdb369f67e	genjo	20	chart.rank	居住系サービスの受給率（令和4年）	東近江市	0.5	%	honpen p.10	✓	auto:ai	2026-10-10	
4de087a4fc5a7f47	genjo	20	chart.rank	居住系サービスの受給率（令和4年）	湖南市	0.4	%	honpen p.10	✓	auto:ai	2026-10-10	
c0a9629d5079816d	genjo	20	chart.rank	居住系サービスの受給率（令和4年）	栗東市	0.4	%	honpen p.10	✓	auto:ai	2026-10-10	
96da4fbba95196de	genjo	20	chart.rank	居住系サービスの受給率（令和4年）	全国	1.2	%	honpen p.10	✓	auto:ai	2026-10-10	
a9d37904c7da6cda	genjo	20	chart.rank	居住系サービスの受給率（令和4年）	滋賀県	0.8	%	honpen p.10	✓	auto:ai	2026-10-10	
3b8f282c0096b3b3	genjo	21	chart.rank	在宅サービスの受給率（令和4年）	米原市	12.7	%	honpen p.11	✓	auto:ai	2026-10-10	
98e34cb34609f717	genjo	21	chart.rank	在宅サービスの受給率（令和4年）	甲良町	11.8	%	honpen p.11	✓	auto:ai	2026-10-10	
43227da0c6ab434f	genjo	21	chart.rank	在宅サービスの受給率（令和4年）	長浜市	11.7	%	honpen p.11	✓	auto:ai	2026-10-10	
9e05b26cbb3f1682	genjo	21	chart.rank	在宅サービスの受給率（令和4年）	高島市	11.7	%	honpen p.11	✓	auto:ai	2026-10-10	
fd880493429210c1	genjo	21	chart.rank	在宅サービスの受給率（令和4年）	大津市	11.6	%	honpen p.11	✓	auto:ai	2026-10-10	
8f579c366cde127e	genjo	21	chart.rank	在宅サービスの受給率（令和4年）	豊郷町	11.4	%	honpen p.11	✓	auto:ai	2026-10-10	
fffb7e98cb35134c	genjo	21	chart.rank	在宅サービスの受給率（令和4年）	守山市	11.3	%	honpen p.11	✓	auto:ai	2026-10-10	
51d638645a2df315	genjo	21	chart.rank	在宅サービスの受給率（令和4年）	彦根市	11.1	%	honpen p.11	✓	auto:ai	2026-10-10	
2789a47df9b67a39	genjo	21	chart.rank	在宅サービスの受給率（令和4年）	栗東市	10.4	%	honpen p.11	✓	auto:ai	2026-10-10	要人確認:H4 難しさ6点
7e0ad593dd0baa50	genjo	21	chart.rank	在宅サービスの受給率（令和4年）	野洲市	10.4	%	honpen p.11	✓	auto:ai	2026-10-10	
009ddf167ee2b121	genjo	21	chart.rank	在宅サービスの受給率（令和4年）	草津市	10.3	%	honpen p.11	✓	auto:ai	2026-10-10	
deaebda0169a6432	genjo	21	chart.rank	在宅サービスの受給率（令和4年）	甲賀市	10.1	%	honpen p.11	✓	auto:ai	2026-10-10	
2c94f4611ea254b6	genjo	21	chart.rank	在宅サービスの受給率（令和4年）	日野町	9.8	%	honpen p.11	✓	auto:ai	2026-10-10	
c62585c50760ed06	genjo	21	chart.rank	在宅サービスの受給率（令和4年）	竜王町	9.6	%	honpen p.11	✓	auto:ai	2026-10-10	
d9d7142ea1c6523a	genjo	21	chart.rank	在宅サービスの受給率（令和4年）	愛荘町	9.6	%	honpen p.11	✓	auto:ai	2026-10-10	
9ed1ae975cdd0474	genjo	21	chart.rank	在宅サービスの受給率（令和4年）	近江八幡市	9.5	%	honpen p.11	✓	auto:ai	2026-10-10	
2e9a508165e28a46	genjo	21	chart.rank	在宅サービスの受給率（令和4年）	東近江市	9.2	%	honpen p.11	✓	auto:ai	2026-10-10	
643394b9fd57a4a1	genjo	21	chart.rank	在宅サービスの受給率（令和4年）	湖南市	8.5	%	honpen p.11	✓	auto:ai	2026-10-10	
8be7019a93a8b1db	genjo	21	chart.rank	在宅サービスの受給率（令和4年）	多賀町	8.4	%	honpen p.11	✓	auto:ai	2026-10-10	
ada1c9b0e4afc177	genjo	21	chart.rank	在宅サービスの受給率（令和4年）	全国	10.4	%	honpen p.11	✓	auto:ai	2026-10-10	
29db5bb57ed7162c	genjo	21	chart.rank	在宅サービスの受給率（令和4年）	滋賀県	10.7	%	honpen p.11	✓	auto:ai	2026-10-10	
3e366c2a16c0b5d7	genjo	24	chart.bars	総給付費の計画値に対する実績の比率	H27	104	%	honpen p.11	✓	auto:ai	2026-10-10	
51b69aa9e5f5a921	genjo	24	chart.bars	総給付費の計画値に対する実績の比率	H28	103	%	honpen p.11	✓	auto:ai	2026-10-10	
36529fe0337e1900	genjo	24	chart.bars	総給付費の計画値に対する実績の比率	H29	99	%	honpen p.11	✓	auto:ai	2026-10-10	
59e365e46d088e80	genjo	24	chart.bars	総給付費の計画値に対する実績の比率	H30	94	%	honpen p.11	✓	auto:ai	2026-10-10	
3265df68c4cabb22	genjo	24	chart.bars	総給付費の計画値に対する実績の比率	R元	94	%	honpen p.11	✓	auto:ai	2026-10-10	要人確認:H4 難しさ3点
9ef7dd05f87c7d86	genjo	24	chart.bars	総給付費の計画値に対する実績の比率	R2	93	%	honpen p.11	✓	auto:ai	2026-10-10	
06c9219f1da26182	genjo	24	chart.bars	総給付費の計画値に対する実績の比率	R3	91	%	honpen p.11	✓	auto:ai	2026-10-10	
3bcb225186a0e1bb	genjo	24	chart.bars	総給付費の計画値に対する実績の比率	R4	86	%	honpen p.11	✓	auto:ai	2026-10-10	
9d5b89cdf0fde41d	chosa	3	table	アンケート調査の概要	①介護予防・日常生活圏域ニーズ調査/配布数	1800		honpen p.12	✓	auto:pdftext	2026-10-10	
51ade24c55650dfe	chosa	3	table	アンケート調査の概要	①介護予防・日常生活圏域ニーズ調査/回収数	1221		honpen p.12	✓	auto:pdftext	2026-10-10	
189908c0314ed2a9	chosa	3	table	アンケート調査の概要	①介護予防・日常生活圏域ニーズ調査/回収率（%）	67.8		honpen p.12	✓	auto:pdftext	2026-10-10	
837dc465c26727bb	chosa	3	table	アンケート調査の概要	②在宅介護実態調査/配布数	875		honpen p.12	✓	auto:ai	2026-10-10	
10d5c9222838e249	chosa	3	table	アンケート調査の概要	②在宅介護実態調査/回収数	506		honpen p.12	✓	auto:ai	2026-10-10	要人確認:H4 難しさ0点
4aff5d679869fc18	chosa	3	table	アンケート調査の概要	②在宅介護実態調査/回収率（%）	57.8		honpen p.12	✓	auto:pdftext	2026-10-10	
9cc12249a2ab3f2c	chosa	3	table	アンケート調査の概要	③事業所調査/配布数	14		honpen p.12	✓	auto:pdftext	2026-10-10	
6ab6658b65dac603	chosa	3	table	アンケート調査の概要	③事業所調査/回収数	9		honpen p.12	✓	auto:pdftext	2026-10-10	
21363d2c0864db9b	chosa	3	table	アンケート調査の概要	③事業所調査/回収率（%）	64.3		honpen p.12	✓	auto:pdftext	2026-10-10	
7321abf03c878b6c	chosa	3	table	アンケート調査の概要	④介護支援専門員調査/配布数	19		honpen p.12	✓	auto:ai	2026-10-10	
79bec4ab1a56589a	chosa	3	table	アンケート調査の概要	④介護支援専門員調査/回収数	19		honpen p.12	✓	auto:ai	2026-10-10	
3d878b63ba567382	chosa	3	table	アンケート調査の概要	④介護支援専門員調査/回収率（%）	100.0		honpen p.12	✓	auto:pdftext	2026-10-10	
6fd34d67af9c4fd1	chosa	6	chart.stacked100	【ニーズ調査】新型コロナウイルス感染症の影響による変化	家計の状況/改善した	2.3	%	honpen p.12	✓	auto:ai	2026-10-10	
1760132e3610ca60	chosa	6	chart.stacked100	【ニーズ調査】新型コロナウイルス感染症の影響による変化	家計の状況/悪化した	16.2	%	honpen p.12	✓	auto:ai	2026-10-10	
474b472ea87e9d61	chosa	6	chart.stacked100	【ニーズ調査】新型コロナウイルス感染症の影響による変化	家計の状況/変化なし	76.5	%	honpen p.12	✓	auto:ai	2026-10-10	
60a35b17aac5b19f	chosa	6	chart.stacked100	【ニーズ調査】新型コロナウイルス感染症の影響による変化	家計の状況/無回答	5.0	%	honpen p.12	✓	auto:ai	2026-10-10	
5a571593d9f04b8d	chosa	6	chart.stacked100	【ニーズ調査】新型コロナウイルス感染症の影響による変化	身体的な健康状態/改善した	1.6	%	honpen p.12	✓	auto:ai	2026-10-10	
d89765385bb00dcf	chosa	6	chart.stacked100	【ニーズ調査】新型コロナウイルス感染症の影響による変化	身体的な健康状態/悪化した	11.9	%	honpen p.12	✓	auto:ai	2026-10-10	
f46dfb139ce26af8	chosa	6	chart.stacked100	【ニーズ調査】新型コロナウイルス感染症の影響による変化	身体的な健康状態/変化なし	81.7	%	honpen p.12	✓	auto:ai	2026-10-10	
ba2762d217ef8f3c	chosa	6	chart.stacked100	【ニーズ調査】新型コロナウイルス感染症の影響による変化	身体的な健康状態/無回答	4.8	%	honpen p.12	✓	auto:ai	2026-10-10	
d79ff9aea6c1fded	chosa	6	chart.stacked100	【ニーズ調査】新型コロナウイルス感染症の影響による変化	精神的なストレスの状況/改善した	1.7	%	honpen p.12	✓	auto:ai	2026-10-10	
9ffddb52ba201a98	chosa	6	chart.stacked100	【ニーズ調査】新型コロナウイルス感染症の影響による変化	精神的なストレスの状況/悪化した	24.7	%	honpen p.12	✓	auto:ai	2026-10-10	
188ab0b8b60f4c83	chosa	6	chart.stacked100	【ニーズ調査】新型コロナウイルス感染症の影響による変化	精神的なストレスの状況/変化なし	68.9	%	honpen p.12	✓	auto:ai	2026-10-10	
df97992ddd9a251a	chosa	6	chart.stacked100	【ニーズ調査】新型コロナウイルス感染症の影響による変化	精神的なストレスの状況/無回答	4.8	%	honpen p.12	✓	auto:ai	2026-10-10	
181dc7c841ca0f1f	chosa	6	chart.stacked100	【ニーズ調査】新型コロナウイルス感染症の影響による変化	通院や買い物などの外出状況/改善した	3.6	%	honpen p.12	✓	auto:ai	2026-10-10	要人確認:H4 難しさ2点
568085fef94de301	chosa	6	chart.stacked100	【ニーズ調査】新型コロナウイルス感染症の影響による変化	通院や買い物などの外出状況/悪化した	18.0	%	honpen p.12	✓	auto:ai	2026-10-10	
a2a763a1fee5be46	chosa	6	chart.stacked100	【ニーズ調査】新型コロナウイルス感染症の影響による変化	通院や買い物などの外出状況/変化なし	73.8	%	honpen p.12	✓	auto:ai	2026-10-10	
8d84cf78ef04da0e	chosa	6	chart.stacked100	【ニーズ調査】新型コロナウイルス感染症の影響による変化	通院や買い物などの外出状況/無回答	4.6	%	honpen p.12	✓	auto:ai	2026-10-10	
9a31395d8bad285c	chosa	6	chart.stacked100	【ニーズ調査】新型コロナウイルス感染症の影響による変化	趣味活動の状況/改善した	2.9	%	honpen p.12	✓	auto:ai	2026-10-10	
4990e96a01c84ec4	chosa	6	chart.stacked100	【ニーズ調査】新型コロナウイルス感染症の影響による変化	趣味活動の状況/悪化した	22.3	%	honpen p.12	✓	auto:ai	2026-10-10	
ee2e618de0565e81	chosa	6	chart.stacked100	【ニーズ調査】新型コロナウイルス感染症の影響による変化	趣味活動の状況/変化なし	69.6	%	honpen p.12	✓	auto:ai	2026-10-10	
64f0c410dfeef027	chosa	6	chart.stacked100	【ニーズ調査】新型コロナウイルス感染症の影響による変化	趣味活動の状況/無回答	5.2	%	honpen p.12	✓	auto:ai	2026-10-10	
7f86d5b6c2543038	chosa	6	chart.stacked100	【ニーズ調査】新型コロナウイルス感染症の影響による変化	地域の人との関係・交流/改善した	3.2	%	honpen p.12	✓	auto:ai	2026-10-10	
09dd2aec534cd593	chosa	6	chart.stacked100	【ニーズ調査】新型コロナウイルス感染症の影響による変化	地域の人との関係・交流/悪化した	35.9	%	honpen p.12	✓	auto:ai	2026-10-10	
b7b66cb59b41daaa	chosa	6	chart.stacked100	【ニーズ調査】新型コロナウイルス感染症の影響による変化	地域の人との関係・交流/変化なし	56.3	%	honpen p.12	✓	auto:ai	2026-10-10	
61097c0c7f0fb468	chosa	6	chart.stacked100	【ニーズ調査】新型コロナウイルス感染症の影響による変化	地域の人との関係・交流/無回答	4.7	%	honpen p.12	✓	auto:ai	2026-10-10	
74b7d0ef467ad86c	chosa	9	chart.rank	【ニーズ調査】生きがいを持って暮らすために望むこと	高齢者が知識や経験を活かして働くことができる場の確保	14.7	%	honpen p.13	✓	auto:ai	2026-10-10	
b1a266b3f38714ad	chosa	9	chart.rank	【ニーズ調査】生きがいを持って暮らすために望むこと	地域社会に貢献することができるようなボランティア活動への支援	5.8	%	honpen p.13	✓	auto:ai	2026-10-10	
409bfb900b849d41	chosa	9	chart.rank	【ニーズ調査】生きがいを持って暮らすために望むこと	趣味やスポーツ、生涯学習などへの参加しやすい機会づくり	24.9	%	honpen p.13	✓	auto:ai	2026-10-10	
cdbfa99de0cef92e	chosa	9	chart.rank	【ニーズ調査】生きがいを持って暮らすために望むこと	多世代にわたる住民が交流できる機会や場の確保	13.2	%	honpen p.13	✓	auto:ai	2026-10-10	
5a417eb36f2eeca3	chosa	9	chart.rank	【ニーズ調査】生きがいを持って暮らすために望むこと	その他	2.7	%	honpen p.13	✓	auto:ai	2026-10-10	要人確認:H4 難しさ2点
5bc4475a563113f2	chosa	9	chart.rank	【ニーズ調査】生きがいを持って暮らすために望むこと	特にない	21.2	%	honpen p.13	✓	auto:ai	2026-10-10	
b5a49de7a6ff897c	chosa	9	chart.rank	【ニーズ調査】生きがいを持って暮らすために望むこと	無回答	17.4	%	honpen p.13	✓	auto:ai	2026-10-10	
31aba952d991aa9c	chosa	12	chart.rank	【ニーズ調査】家族や友人・知人以外の相談相手	自治会・町内会・老人会	14.1	%	honpen p.13	✓	auto:ai	2026-10-10	
09a1ca502dbf2279	chosa	12	chart.rank	【ニーズ調査】家族や友人・知人以外の相談相手	社会福祉協議会・民生委員	18.2	%	honpen p.13	✓	auto:ai	2026-10-10	
b0c6bd8b3e2c7125	chosa	12	chart.rank	【ニーズ調査】家族や友人・知人以外の相談相手	ケアマネジャー	7.3	%	honpen p.13	✓	auto:ai	2026-10-10	
25150908081b34b1	chosa	12	chart.rank	【ニーズ調査】家族や友人・知人以外の相談相手	医師・歯科医師・看護師	27.4	%	honpen p.13	✓	auto:ai	2026-10-10	
43c436aa361329a5	chosa	12	chart.rank	【ニーズ調査】家族や友人・知人以外の相談相手	地域包括支援センター・役場	13.6	%	honpen p.13	✓	auto:ai	2026-10-10	
4605edeb849bd4de	chosa	12	chart.rank	【ニーズ調査】家族や友人・知人以外の相談相手	その他	4.8	%	honpen p.13	✓	auto:ai	2026-10-10	要人確認:H4 難しさ2点
bc368789b7591a1d	chosa	12	chart.rank	【ニーズ調査】家族や友人・知人以外の相談相手	そのような人はいない	33.5	%	honpen p.13	✓	auto:ai	2026-10-10	
94c04ffb12a0f780	chosa	12	chart.rank	【ニーズ調査】家族や友人・知人以外の相談相手	無回答	8.3	%	honpen p.13	✓	auto:ai	2026-10-10	
354d4238cb7be629	chosa	15	chart.rank	【ニーズ調査】かかりつけの医療機関を決めているか	大きな病院に決めている	29.0	%	honpen p.13	✓	auto:ai	2026-10-10	
e6c5fdf35c5bb15d	chosa	15	chart.rank	【ニーズ調査】かかりつけの医療機関を決めているか	診療所（医院）に決めている	55.9	%	honpen p.13	✓	auto:ai	2026-10-10	
fdeca93e0efa2fcb	chosa	15	chart.rank	【ニーズ調査】かかりつけの医療機関を決めているか	決めていない	12.0	%	honpen p.13	✓	auto:ai	2026-10-10	
5df5cc398cf8fc0a	chosa	15	chart.rank	【ニーズ調査】かかりつけの医療機関を決めているか	無回答	3.2	%	honpen p.13	✓	auto:ai	2026-10-10	要人確認:H4 難しさ2点
348d63ba1835368b	chosa	18	chart.rank	【在宅介護実態調査】介護者が不安に感じる介護	日中の排泄	12.4	%	honpen p.14	✓	auto:ai	2026-10-10	
01795246d412eb02	chosa	18	chart.rank	【在宅介護実態調査】介護者が不安に感じる介護	夜間の排泄	15.1	%	honpen p.14	✓	auto:ai	2026-10-10	
bc0535a382aed333	chosa	18	chart.rank	【在宅介護実態調査】介護者が不安に感じる介護	食事の介助（食べる時）	4.7	%	honpen p.14	✓	auto:ai	2026-10-10	
867923ceb61cb412	chosa	18	chart.rank	【在宅介護実態調査】介護者が不安に感じる介護	入浴・洗身	10.1	%	honpen p.14	✓	auto:ai	2026-10-10	
ba6d02346dd878d9	chosa	18	chart.rank	【在宅介護実態調査】介護者が不安に感じる介護	身だしなみ（洗顔・歯磨き等）	0.9	%	honpen p.14	✓	auto:ai	2026-10-10	
85c43fda733e3c65	chosa	18	chart.rank	【在宅介護実態調査】介護者が不安に感じる介護	衣服の着脱	2.1	%	honpen p.14	✓	auto:ai	2026-10-10	
4efc1121a8ad3225	chosa	18	chart.rank	【在宅介護実態調査】介護者が不安に感じる介護	屋内の移乗・移動	4.7	%	honpen p.14	✓	auto:ai	2026-10-10	
7327d790dcba8df7	chosa	18	chart.rank	【在宅介護実態調査】介護者が不安に感じる介護	外出の付き添い、送迎等	15.4	%	honpen p.14	✓	auto:ai	2026-10-10	
fc667b8d18e6d35e	chosa	18	chart.rank	【在宅介護実態調査】介護者が不安に感じる介護	服薬	4.1	%	honpen p.14	✓	auto:ai	2026-10-10	
7f626c3a4ddb6120	chosa	18	chart.rank	【在宅介護実態調査】介護者が不安に感じる介護	認知症状への対応	25.7	%	honpen p.14	✓	auto:ai	2026-10-10	
de06a6bcf71204f2	chosa	18	chart.rank	【在宅介護実態調査】介護者が不安に感じる介護	医療面での対応（経管栄養、ストーマ 等）	2.4	%	honpen p.14	✓	auto:ai	2026-10-10	
1b0ce726ef9eeebd	chosa	18	chart.rank	【在宅介護実態調査】介護者が不安に感じる介護	食事の準備（調理等）	8.0	%	honpen p.14	✓	auto:ai	2026-10-10	
d46cf882069782f7	chosa	18	chart.rank	【在宅介護実態調査】介護者が不安に感じる介護	その他の家事（掃除、洗濯、買い物 等）	7.7	%	honpen p.14	✓	auto:ai	2026-10-10	
8497401be05c60ca	chosa	18	chart.rank	【在宅介護実態調査】介護者が不安に感じる介護	金銭管理や生活面に必要な諸手続き	7.4	%	honpen p.14	✓	auto:ai	2026-10-10	
09bb00c3aaa86c36	chosa	18	chart.rank	【在宅介護実態調査】介護者が不安に感じる介護	その他	4.4	%	honpen p.14	✓	auto:ai	2026-10-10	要人確認:H4 難しさ2点
be4070190dd7cf74	chosa	18	chart.rank	【在宅介護実態調査】介護者が不安に感じる介護	不安に感じていることは、特にない	2.7	%	honpen p.14	✓	auto:ai	2026-10-10	
93e1f252f39a90f5	chosa	18	chart.rank	【在宅介護実態調査】介護者が不安に感じる介護	主な介護者に確認しないと、わからない	0.0	%	honpen p.14	✓	auto:ai	2026-10-10	
dbd6be9867fb5fda	chosa	18	chart.rank	【在宅介護実態調査】介護者が不安に感じる介護	無回答	43.2	%	honpen p.14	✓	auto:ai	2026-10-10	
447c77dec7363c9d	chosa	21	chart.rank	【ニーズ調査】成年後見制度を知っているか	知っている	20.5	%	honpen p.14	✓	auto:ai	2026-10-10	
675fe3704235bac3	chosa	21	chart.rank	【ニーズ調査】成年後見制度を知っているか	聞いたことはあるが、詳しくは知らない	50.0	%	honpen p.14	✓	auto:ai	2026-10-10	
c2dac08da66ecf65	chosa	21	chart.rank	【ニーズ調査】成年後見制度を知っているか	聞いたこともない	26.0	%	honpen p.14	✓	auto:ai	2026-10-10	
fe2cc8facb6e96e8	chosa	21	chart.rank	【ニーズ調査】成年後見制度を知っているか	無回答	3.5	%	honpen p.14	✓	auto:ai	2026-10-10	要人確認:H4 難しさ2点
9b55e73be44436c7	chosa	24	chart.rank	【ニーズ調査】望む介護のあり方	自宅等で、家族だけの介護を受けて暮らしたい	6.3	%	honpen p.14	✓	auto:ai	2026-10-10	要人確認:H4 難しさ2点
00676a5a60bbb0f6	chosa	24	chart.rank	【ニーズ調査】望む介護のあり方	自宅等で、家族の介護と介護保険サービスを利用しながら暮らしたい	27.2	%	honpen p.14	✓	auto:ai	2026-10-10	
57dee6932afad3f3	chosa	24	chart.rank	【ニーズ調査】望む介護のあり方	自宅等で、家族に面倒をかけないように主に介護保険サービスを利用して暮らしたい	34.6	%	honpen p.14	✓	auto:ai	2026-10-10	
b069aa63136a9473	chosa	24	chart.rank	【ニーズ調査】望む介護のあり方	有料老人ホームなどの介護付きの住まいで暮らしたい	5.7	%	honpen p.14	✓	auto:ai	2026-10-10	
e6b565dc0fa18e05	chosa	24	chart.rank	【ニーズ調査】望む介護のあり方	特別養護老人ホームなどの介護保険施設で暮らしたい	8.2	%	honpen p.14	✓	auto:ai	2026-10-10	
e0cf0873e72be17e	chosa	24	chart.rank	【ニーズ調査】望む介護のあり方	その他	0.9	%	honpen p.14	✓	auto:ai	2026-10-10	
5b1824b4bc2a9508	chosa	24	chart.rank	【ニーズ調査】望む介護のあり方	わからない	11.5	%	honpen p.14	✓	auto:ai	2026-10-10	
aceafe429844d016	chosa	24	chart.rank	【ニーズ調査】望む介護のあり方	無回答	5.7	%	honpen p.14	✓	auto:ai	2026-10-10	
234a86ce0b9da86c	chosa	27	chart.rank	【在宅介護実態調査】介護のための離職の有無	主な介護者が仕事を辞めた（転職除く）	10.7	%	honpen p.15	✓	auto:ai	2026-10-10	
e82bf70dacafc8ac	chosa	27	chart.rank	【在宅介護実態調査】介護のための離職の有無	主な介護者以外の家族・親族が仕事を辞めた（転職除く）	1.5	%	honpen p.15	✓	auto:ai	2026-10-10	
a573bb18311a14bf	chosa	27	chart.rank	【在宅介護実態調査】介護のための離職の有無	主な介護者が転職した	2.1	%	honpen p.15	✓	auto:ai	2026-10-10	
9a145519d526f690	chosa	27	chart.rank	【在宅介護実態調査】介護のための離職の有無	主な介護者以外の家族・親族が転職した	0.9	%	honpen p.15	✓	auto:ai	2026-10-10	
3c1a57a03e05fd82	chosa	27	chart.rank	【在宅介護実態調査】介護のための離職の有無	介護のために仕事を辞めた家族・親族はいない	59.5	%	honpen p.15	✓	auto:ai	2026-10-10	
975cdc7df5c1de52	chosa	27	chart.rank	【在宅介護実態調査】介護のための離職の有無	わからない	4.7	%	honpen p.15	✓	auto:ai	2026-10-10	要人確認:H4 難しさ2点
1c95830838d98f7a	chosa	27	chart.rank	【在宅介護実態調査】介護のための離職の有無	無回答	21.0	%	honpen p.15	✓	auto:ai	2026-10-10	
cd113a84e70bac90	chosa	30	chart.rank	【在宅介護実態調査】介護保険サービスの利用への影響	感染拡大によって、必要なサービスが利用できないことがあった	29.2	%	honpen p.15	✓	auto:ai	2026-10-10	
cae8a1c67e9b8bdf	chosa	30	chart.rank	【在宅介護実態調査】介護保険サービスの利用への影響	感染拡大防止のため、必要なサービスの利用を控えたことがあった	11.5	%	honpen p.15	✓	auto:ai	2026-10-10	
f0efba54248e84a3	chosa	30	chart.rank	【在宅介護実態調査】介護保険サービスの利用への影響	感染拡大状況に関わらず、必要なサービスを問題なく利用できた	20.4	%	honpen p.15	✓	auto:ai	2026-10-10	
5ffe7c2abfd3bc9a	chosa	30	chart.rank	【在宅介護実態調査】介護保険サービスの利用への影響	感染拡大状況に関わらず、介護保険サービスを利用する必要がなかった	13.2	%	honpen p.15	✓	auto:ai	2026-10-10	
1808d679aed674c4	chosa	30	chart.rank	【在宅介護実態調査】介護保険サービスの利用への影響	その他	5.1	%	honpen p.15	✓	auto:ai	2026-10-10	要人確認:H4 難しさ2点
81d6f9ef56033043	chosa	30	chart.rank	【在宅介護実態調査】介護保険サービスの利用への影響	無回答	20.6	%	honpen p.15	✓	auto:ai	2026-10-10	
c8157d6247052d63	chosa	33	chart.rank	【事業所調査】介護職員の数は適切か	不足している	0	事業所	honpen p.15	✓	auto:ai	2026-10-10	
fd8471043b5c063f	chosa	33	chart.rank	【事業所調査】介護職員の数は適切か	やや不足している	7	事業所	honpen p.15	✓	auto:ai	2026-10-10	
fd63d24595187e46	chosa	33	chart.rank	【事業所調査】介護職員の数は適切か	過不足なく適切	2	事業所	honpen p.15	✓	auto:ai	2026-10-10	
56a1628aad5c4128	chosa	33	chart.rank	【事業所調査】介護職員の数は適切か	やや多すぎる	0	事業所	honpen p.15	✓	auto:ai	2026-10-10	
2150f6e53439e24a	chosa	33	chart.rank	【事業所調査】介護職員の数は適切か	多すぎる	0	事業所	honpen p.15	✓	auto:ai	2026-10-10	要人確認:H4 難しさ4点
6773929d959ea144	chosa	33	chart.rank	【事業所調査】介護職員の数は適切か	無回答	0	事業所	honpen p.15	✓	auto:ai	2026-10-10	
e3db47e691601a40	chosa	36	chart.rank	【事業所調査】充実すべき生活支援サービス	調理や掃除、洗濯やゴミ出し等の家事支援	68.4	%	honpen p.16	✓	auto:ai	2026-10-10	
f1fcb6ddca23c59a	chosa	36	chart.rank	【事業所調査】充実すべき生活支援サービス	通院や買い物、サロン等への移動支援	94.7	%	honpen p.16	✓	auto:ai	2026-10-10	
a5bd5fcc4d253571	chosa	36	chart.rank	【事業所調査】充実すべき生活支援サービス	外出時の同行支援	68.4	%	honpen p.16	✓	auto:ai	2026-10-10	
ae4fe6892cd144d8	chosa	36	chart.rank	【事業所調査】充実すべき生活支援サービス	買い物や各種手続き等の代行支援	63.2	%	honpen p.16	✓	auto:ai	2026-10-10	
0666a7f99933641f	chosa	36	chart.rank	【事業所調査】充実すべき生活支援サービス	地域のサロンなどの通いの場	26.3	%	honpen p.16	✓	auto:ai	2026-10-10	
22e6b2e1690e6c6a	chosa	36	chart.rank	【事業所調査】充実すべき生活支援サービス	おたっしゃ教室などの運動教室	10.5	%	honpen p.16	✓	auto:ai	2026-10-10	
68c87f33770060e8	chosa	36	chart.rank	【事業所調査】充実すべき生活支援サービス	地域での見守り、声かけ	57.9	%	honpen p.16	✓	auto:ai	2026-10-10	
84a57e9f16a056e7	chosa	36	chart.rank	【事業所調査】充実すべき生活支援サービス	配食サービス	36.8	%	honpen p.16	✓	auto:ai	2026-10-10	
d6171552248ac58b	chosa	36	chart.rank	【事業所調査】充実すべき生活支援サービス	移動販売	36.8	%	honpen p.16	✓	auto:ai	2026-10-10	
72ce4a0b89664b02	chosa	36	chart.rank	【事業所調査】充実すべき生活支援サービス	その他	5.3	%	honpen p.16	✓	auto:ai	2026-10-10	
448b7b9de7bb6e7b	chosa	36	chart.rank	【事業所調査】充実すべき生活支援サービス	特にない	0.0	%	honpen p.16	✓	auto:ai	2026-10-10	要人確認:H4 難しさ2点
af1bf4c37042dd24	chosa	36	chart.rank	【事業所調査】充実すべき生活支援サービス	無回答	0.0	%	honpen p.16	✓	auto:ai	2026-10-10	
1a2dae5c02606206	shisaku	10	target.base	目標指標	地域ケア個別会議の開催回数	3	回／年	honpen p.33	✓	auto:ai	2026-10-10	
274b1a841e09c667	shisaku	10	target.target	目標指標	地域ケア個別会議の開催回数	4	回／年	honpen p.33	✓	auto:ai	2026-10-10	要人確認:H4 難しさ3点
31301b5f3955af99	shisaku	10	target.base	目標指標	高齢者への相談対応件数	1271	件／年	honpen p.33	✓	auto:ai	2026-10-10	
dd732b8757f5aa66	shisaku	10	target.target	目標指標	高齢者への相談対応件数	1600	件／年	honpen p.33	✓	auto:ai	2026-10-10	
171c01f4f96f6aa9	shisaku	10	target.base	目標指標	介護予防ボランティア養成数（延べ）	339	人	honpen p.33	✓	auto:ai	2026-10-10	
24dd171638d64193	shisaku	10	target.target	目標指標	介護予防ボランティア養成数（延べ）	420	人	honpen p.33	✓	auto:ai	2026-10-10	
eee40846d0a0e672	shisaku	12	target.base	目標指標	高齢者の通いの場（＝介護予防教室等）の参加率	6.9	%	honpen p.35	✓	auto:ai	2026-10-10	
580a85ea91409d57	shisaku	12	target.target	目標指標	高齢者の通いの場（＝介護予防教室等）の参加率	8.0	%	honpen p.35	✓	auto:ai	2026-10-10	要人確認:H4 難しさ1点
9c779b3cdd52593d	shisaku	12	target.base	目標指標	高齢者交流サロン開催団体数	12	団体	honpen p.35	✓	auto:ai	2026-10-10	
20eb474ff6f8cc23	shisaku	12	target.target	目標指標	高齢者交流サロン開催団体数	24	団体	honpen p.35	✓	auto:ai	2026-10-10	
98fdf5f5a1ee289e	shisaku	14	target.base	目標指標	緊急通報システムの設置数	11	件	honpen p.37	✓	auto:ai	2026-10-10	
9cb0601dda98de6a	shisaku	14	target.target	目標指標	緊急通報システムの設置数	30	件	honpen p.37	✓	auto:ai	2026-10-10	
b238d92dd34603cf	shisaku	14	target.base	目標指標	高齢者虐待防止に関する研修等の開催回数	1	回／年	honpen p.37	✓	auto:ai	2026-10-10	
aa3bc92303df6099	shisaku	14	target.target	目標指標	高齢者虐待防止に関する研修等の開催回数	1	回／年	honpen p.37	✓	auto:ai	2026-10-10	要人確認:H4 難しさ3点
b5a9c5db8e6b827e	shisaku	16	target.base	目標指標	認知症キャラバンメイト数（累計）	45	人	honpen p.39	✓	auto:ai	2026-10-10	
510b991d95be928b	shisaku	16	target.target	目標指標	認知症キャラバンメイト数（累計）	60	人	honpen p.39	✓	auto:ai	2026-10-10	
1aba130b0b3ea611	shisaku	16	target.base	目標指標	認知症サポーター養成講座修了者数（累計）	7971	人	honpen p.39	✓	auto:ai	2026-10-10	要人確認:H4 難しさ0点
b86ea9483b6398e2	shisaku	16	target.target	目標指標	認知症サポーター養成講座修了者数（累計）	9000	人	honpen p.39	✓	auto:ai	2026-10-10	
f50a7c830d92e7b9	shisaku	18	target.base	目標指標	移動支援の利用者数	241	人／年	honpen p.41	✓	auto:ai	2026-10-10	
c92cf0ecb80d5ac0	shisaku	18	target.target	目標指標	移動支援の利用者数	300	人／年	honpen p.41	✓	auto:ai	2026-10-10	
39b8de402e3f31e3	shisaku	18	target.base	目標指標	介護職員初任者研修の受講者数	0	人／年	honpen p.41	✓	auto:ai	2026-10-10	要人確認:H4 難しさ1点
85d0a8968ce9614d	shisaku	18	target.target	目標指標	介護職員初任者研修の受講者数	5	人／年	honpen p.41	✓	auto:ai	2026-10-10	
c99cb6fc5729330e	shisaku	18	target.base	目標指標	ケアプラン点検の実施数（介護給付適正化事業）	10	件／年	honpen p.41	✓	auto:ai	2026-10-10	
5f5f0144acc40abd	shisaku	18	target.target	目標指標	ケアプラン点検の実施数（介護給付適正化事業）	30	件／年	honpen p.41	✓	auto:ai	2026-10-10	
2d5b1627fdff1a42	shisaku	18	target.base	目標指標	医療情報との突合・縦覧点検の実施割合（介護給付適正化事業）	100	%	honpen p.41	✓	auto:ai	2026-10-10	
52168ba1e1ebebf1	shisaku	18	target.target	目標指標	医療情報との突合・縦覧点検の実施割合（介護給付適正化事業）	100	%	honpen p.41	✓	auto:ai	2026-10-10	
a1d5455722e806d1	shisaku	20	programs	施策と事業	事業数	14	件	honpen p.33-34	✓	auto:ai	2026-10-10	要人確認:H4 難しさ0点
e95e66be66d68c65	shisaku	21	programs	施策と事業	事業数	16	件	honpen p.35-36	✓	auto:ai	2026-10-10	要人確認:H4 難しさ0点
9dd77d12fa026976	shisaku	22	programs	施策と事業	事業数	19	件	honpen p.37-38	✓	auto:ai	2026-10-10	要人確認:H4 難しさ0点
24b29e5b4223a9ed	shisaku	23	programs	施策と事業	事業数	11	件	honpen p.39-40	✓	auto:ai	2026-10-10	要人確認:H4 難しさ0点
76209dc12d4edfb1	shisaku	24	programs	施策と事業	事業数	17	件	honpen p.41-42	✓	auto:ai	2026-10-10	要人確認:H4 難しさ0点
1474345b0e2fee34	service	5	chart.stacked	将来人口（R3〜R5は実績、R6以降は推計）	R3/後期高齢者（75歳以上）	3351	人	honpen p.47	✓	auto:ai	2026-10-10	
21ec70ab4cec85cc	service	5	chart.stacked	将来人口（R3〜R5は実績、R6以降は推計）	R3/前期高齢者（65〜74歳）	3172	人	honpen p.47	✓	auto:ai	2026-10-10	
97c2fa13428a0f19	service	5	chart.stacked	将来人口（R3〜R5は実績、R6以降は推計）	R3/40〜64歳	6672	人	honpen p.47	✓	auto:ai	2026-10-10	
be9bf3449bc72439	service	5	chart.stacked	将来人口（R3〜R5は実績、R6以降は推計）	R3/0〜39歳	7941	人	honpen p.47	✓	auto:ai	2026-10-10	
de60900ad7cb214f	service	5	chart.stacked	将来人口（R3〜R5は実績、R6以降は推計）	R4/後期高齢者（75歳以上）	3429	人	honpen p.47	✓	auto:ai	2026-10-10	
c8ea49ab31997312	service	5	chart.stacked	将来人口（R3〜R5は実績、R6以降は推計）	R4/前期高齢者（65〜74歳）	3111	人	honpen p.47	✓	auto:ai	2026-10-10	
c0176f970c33f4dd	service	5	chart.stacked	将来人口（R3〜R5は実績、R6以降は推計）	R4/40〜64歳	6663	人	honpen p.47	✓	auto:ai	2026-10-10	
aeb671a9f813b4fc	service	5	chart.stacked	将来人口（R3〜R5は実績、R6以降は推計）	R4/0〜39歳	7828	人	honpen p.47	✓	auto:ai	2026-10-10	
c91cb25884a938d8	service	5	chart.stacked	将来人口（R3〜R5は実績、R6以降は推計）	R5/後期高齢者（75歳以上）	3531	人	honpen p.47	✓	auto:ai	2026-10-10	
eaa8b1e8f5af3e47	service	5	chart.stacked	将来人口（R3〜R5は実績、R6以降は推計）	R5/前期高齢者（65〜74歳）	2998	人	honpen p.47	✓	auto:ai	2026-10-10	
9b5e8ee239db8fee	service	5	chart.stacked	将来人口（R3〜R5は実績、R6以降は推計）	R5/40〜64歳	6649	人	honpen p.47	✓	auto:ai	2026-10-10	
5c3541ffc15cbd1b	service	5	chart.stacked	将来人口（R3〜R5は実績、R6以降は推計）	R5/0〜39歳	7700	人	honpen p.47	✓	auto:ai	2026-10-10	
03846ef51352daf8	service	5	chart.stacked	将来人口（R3〜R5は実績、R6以降は推計）	R6/後期高齢者（75歳以上）	3663	人	honpen p.47	✓	auto:ai	2026-10-10	
94f606c321949095	service	5	chart.stacked	将来人口（R3〜R5は実績、R6以降は推計）	R6/前期高齢者（65〜74歳）	2877	人	honpen p.47	✓	auto:ai	2026-10-10	
0c5d9ddcb6241245	service	5	chart.stacked	将来人口（R3〜R5は実績、R6以降は推計）	R6/40〜64歳	6649	人	honpen p.47	✓	auto:ai	2026-10-10	
453d1f69243851de	service	5	chart.stacked	将来人口（R3〜R5は実績、R6以降は推計）	R6/0〜39歳	7573	人	honpen p.47	✓	auto:ai	2026-10-10	
05f874aae76ae3a2	service	5	chart.stacked	将来人口（R3〜R5は実績、R6以降は推計）	R7/後期高齢者（75歳以上）	3777	人	honpen p.47	✓	auto:ai	2026-10-10	
95c7d59e564686d1	service	5	chart.stacked	将来人口（R3〜R5は実績、R6以降は推計）	R7/前期高齢者（65〜74歳）	2797	人	honpen p.47	✓	auto:ai	2026-10-10	
89ecdf9aff33dddc	service	5	chart.stacked	将来人口（R3〜R5は実績、R6以降は推計）	R7/40〜64歳	6598	人	honpen p.47	✓	auto:ai	2026-10-10	
6508ae7a873af7fe	service	5	chart.stacked	将来人口（R3〜R5は実績、R6以降は推計）	R7/0〜39歳	7469	人	honpen p.47	✓	auto:ai	2026-10-10	
fe58fdbe6448f8c0	service	5	chart.stacked	将来人口（R3〜R5は実績、R6以降は推計）	R8/後期高齢者（75歳以上）	3844	人	honpen p.47	✓	auto:ai	2026-10-10	
ca749bed802b0f55	service	5	chart.stacked	将来人口（R3〜R5は実績、R6以降は推計）	R8/前期高齢者（65〜74歳）	2740	人	honpen p.47	✓	auto:ai	2026-10-10	
43c49bc7e080aafb	service	5	chart.stacked	将来人口（R3〜R5は実績、R6以降は推計）	R8/40〜64歳	6566	人	honpen p.47	✓	auto:ai	2026-10-10	
6ef8c0fde31848ca	service	5	chart.stacked	将来人口（R3〜R5は実績、R6以降は推計）	R8/0〜39歳	7359	人	honpen p.47	✓	auto:ai	2026-10-10	
7a70d5a1da0a4426	service	5	chart.stacked	将来人口（R3〜R5は実績、R6以降は推計）	R12/後期高齢者（75歳以上）	3991	人	honpen p.47	✓	auto:ai	2026-10-10	
8be426897e2ca026	service	5	chart.stacked	将来人口（R3〜R5は実績、R6以降は推計）	R12/前期高齢者（65〜74歳）	2598	人	honpen p.47	✓	auto:ai	2026-10-10	
6d9e1a03ca8ded92	service	5	chart.stacked	将来人口（R3〜R5は実績、R6以降は推計）	R12/40〜64歳	6378	人	honpen p.47	✓	auto:ai	2026-10-10	
f4f922d5cb2ad6e4	service	5	chart.stacked	将来人口（R3〜R5は実績、R6以降は推計）	R12/0〜39歳	6961	人	honpen p.47	✓	auto:ai	2026-10-10	
e918c31a3006ac1b	service	5	chart.stacked	将来人口（R3〜R5は実績、R6以降は推計）	R17/後期高齢者（75歳以上）	3977	人	honpen p.47	✓	auto:ai	2026-10-10	
9c7bd757202b7721	service	5	chart.stacked	将来人口（R3〜R5は実績、R6以降は推計）	R17/前期高齢者（65〜74歳）	2429	人	honpen p.47	✓	auto:ai	2026-10-10	
91b9430533843353	service	5	chart.stacked	将来人口（R3〜R5は実績、R6以降は推計）	R17/40〜64歳	6131	人	honpen p.47	✓	auto:ai	2026-10-10	
f0d8fd9d4573bc2e	service	5	chart.stacked	将来人口（R3〜R5は実績、R6以降は推計）	R17/0〜39歳	6546	人	honpen p.47	✓	auto:ai	2026-10-10	
1913873b74fa8d73	service	5	chart.stacked	将来人口（R3〜R5は実績、R6以降は推計）	R22/後期高齢者（75歳以上）	3831	人	honpen p.47	✓	auto:ai	2026-10-10	
7e4efe6f6f379277	service	5	chart.stacked	将来人口（R3〜R5は実績、R6以降は推計）	R22/前期高齢者（65〜74歳）	2544	人	honpen p.47	✓	auto:ai	2026-10-10	
03d3c2cfc70a6c21	service	5	chart.stacked	将来人口（R3〜R5は実績、R6以降は推計）	R22/40〜64歳	5631	人	honpen p.47	✓	auto:ai	2026-10-10	要人確認:H4 難しさ6点
80f281861c56d00c	service	5	chart.stacked	将来人口（R3〜R5は実績、R6以降は推計）	R22/0〜39歳	6050	人	honpen p.47	✓	auto:ai	2026-10-10	
95628020b3945121	service	6	table	将来人口の推計（表）	総数（人）/R3	21136		honpen p.48	✓	auto:pdftext	2026-10-10	
1ea78c6db36e29ea	service	6	table	将来人口の推計（表）	総数（人）/R4	21031		honpen p.48	✓	auto:pdftext	2026-10-10	
7dbe9c3aeaa04674	service	6	table	将来人口の推計（表）	総数（人）/R5	20878		honpen p.48	✓	auto:pdftext	2026-10-10	
281b0412a6de96bf	service	6	table	将来人口の推計（表）	総数（人）/R6	20762		honpen p.48	✓	auto:pdftext	2026-10-10	
cab4f19ad7b18af9	service	6	table	将来人口の推計（表）	総数（人）/R7	20641		honpen p.48	✓	auto:ai	2026-10-10	
4d6d9df88d1d9b0d	service	6	table	将来人口の推計（表）	総数（人）/R8	20509		honpen p.48	✓	auto:ai	2026-10-10	
a8e2f1f01e64f49a	service	6	table	将来人口の推計（表）	総数（人）/R12	19928		honpen p.48	✓	auto:ai	2026-10-10	
7ec785e220fef256	service	6	table	将来人口の推計（表）	総数（人）/R17	19083		honpen p.48	✓	auto:ai	2026-10-10	
3483eeafa64235ce	service	6	table	将来人口の推計（表）	総数（人）/R22	18056		honpen p.48	✓	auto:ai	2026-10-10	
41fd198f24930270	service	6	table	将来人口の推計（表）	0〜14歳（人）/R3	2576		honpen p.48	✓	auto:ai	2026-10-10	
de910923c31df588	service	6	table	将来人口の推計（表）	0〜14歳（人）/R4	2547		honpen p.48	✓	auto:ai	2026-10-10	
14c60c9fd6c6d5d7	service	6	table	将来人口の推計（表）	0〜14歳（人）/R5	2510		honpen p.48	✓	auto:ai	2026-10-10	
f22401fa314c90ba	service	6	table	将来人口の推計（表）	0〜14歳（人）/R6	2456		honpen p.48	✓	auto:ai	2026-10-10	
6ae9ec48f8ceb186	service	6	table	将来人口の推計（表）	0〜14歳（人）/R7	2385		honpen p.48	✓	auto:ai	2026-10-10	
d09205b46e0187f6	service	6	table	将来人口の推計（表）	0〜14歳（人）/R8	2337		honpen p.48	✓	auto:ai	2026-10-10	
7b34b11706d4c931	service	6	table	将来人口の推計（表）	0〜14歳（人）/R12	2123		honpen p.48	✓	auto:ai	2026-10-10	
68b09d76e0a00610	service	6	table	将来人口の推計（表）	0〜14歳（人）/R17	1898		honpen p.48	✓	auto:ai	2026-10-10	
09c7d8e8e4d3284e	service	6	table	将来人口の推計（表）	0〜14歳（人）/R22	1734		honpen p.48	✓	auto:ai	2026-10-10	
0a805fcae75e5981	service	6	table	将来人口の推計（表）	15〜39歳（人）/R3	5365		honpen p.48	✓	auto:ai	2026-10-10	
e2d9fd7797b05748	service	6	table	将来人口の推計（表）	15〜39歳（人）/R4	5281		honpen p.48	✓	auto:ai	2026-10-10	
bf6497bf4aab5c11	service	6	table	将来人口の推計（表）	15〜39歳（人）/R5	5190		honpen p.48	✓	auto:ai	2026-10-10	
a9f6f2d3dde591be	service	6	table	将来人口の推計（表）	15〜39歳（人）/R6	5117		honpen p.48	✓	auto:ai	2026-10-10	
4a93898ce544cd42	service	6	table	将来人口の推計（表）	15〜39歳（人）/R7	5084		honpen p.48	✓	auto:ai	2026-10-10	
7e33ad9907604932	service	6	table	将来人口の推計（表）	15〜39歳（人）/R8	5022		honpen p.48	✓	auto:ai	2026-10-10	
78cd43004539f695	service	6	table	将来人口の推計（表）	15〜39歳（人）/R12	4838		honpen p.48	✓	auto:ai	2026-10-10	
a1b32516b058fcbe	service	6	table	将来人口の推計（表）	15〜39歳（人）/R17	4648		honpen p.48	✓	auto:ai	2026-10-10	
225873aff634dd87	service	6	table	将来人口の推計（表）	15〜39歳（人）/R22	4316		honpen p.48	✓	auto:ai	2026-10-10	
387ee09222a18852	service	6	table	将来人口の推計（表）	40〜64歳（人）/R3	6672		honpen p.48	✓	auto:ai	2026-10-10	
c910b460e20e8cf5	service	6	table	将来人口の推計（表）	40〜64歳（人）/R4	6663		honpen p.48	✓	auto:ai	2026-10-10	
71da53e7b1bf13a1	service	6	table	将来人口の推計（表）	40〜64歳（人）/R5	6649		honpen p.48	✓	auto:ai	2026-10-10	
0168910050d9413b	service	6	table	将来人口の推計（表）	40〜64歳（人）/R6	6649		honpen p.48	✓	auto:ai	2026-10-10	要人確認:H4 難しさ2点
8ec5b5afc7affd89	service	6	table	将来人口の推計（表）	40〜64歳（人）/R7	6598		honpen p.48	✓	auto:ai	2026-10-10	
944c633537db7f20	service	6	table	将来人口の推計（表）	40〜64歳（人）/R8	6566		honpen p.48	✓	auto:ai	2026-10-10	
0d407136730d48a1	service	6	table	将来人口の推計（表）	40〜64歳（人）/R12	6378		honpen p.48	✓	auto:ai	2026-10-10	
af77ad31260cf253	service	6	table	将来人口の推計（表）	40〜64歳（人）/R17	6131		honpen p.48	✓	auto:ai	2026-10-10	
445507ac52bc7e39	service	6	table	将来人口の推計（表）	40〜64歳（人）/R22	5631		honpen p.48	✓	auto:ai	2026-10-10	
b918323057b43108	service	6	table	将来人口の推計（表）	65歳以上（人）/R3	6523		honpen p.48	✓	auto:pdftext	2026-10-10	
f590ee1ece120d2d	service	6	table	将来人口の推計（表）	65歳以上（人）/R4	6540		honpen p.48	✓	auto:pdftext	2026-10-10	
a6b929e623e57776	service	6	table	将来人口の推計（表）	65歳以上（人）/R5	6529		honpen p.48	✓	auto:pdftext	2026-10-10	
98658a3ef715ab38	service	6	table	将来人口の推計（表）	65歳以上（人）/R6	6540		honpen p.48	✓	auto:pdftext	2026-10-10	
a1583b5b029150c6	service	6	table	将来人口の推計（表）	65歳以上（人）/R7	6574		honpen p.48	✓	auto:pdftext	2026-10-10	
e655c00145871b66	service	6	table	将来人口の推計（表）	65歳以上（人）/R8	6584		honpen p.48	✓	auto:ai	2026-10-10	
108f9b5725ceee4b	service	6	table	将来人口の推計（表）	65歳以上（人）/R12	6589		honpen p.48	✓	auto:ai	2026-10-10	
651c5ed8ba83c4fa	service	6	table	将来人口の推計（表）	65歳以上（人）/R17	6406		honpen p.48	✓	auto:ai	2026-10-10	
fe54a7cae347155c	service	6	table	将来人口の推計（表）	65歳以上（人）/R22	6375		honpen p.48	✓	auto:ai	2026-10-10	
2c62f358b73abc4f	service	6	table	将来人口の推計（表）	65〜74歳（人）/R3	3172		honpen p.48	✓	auto:ai	2026-10-10	
f440fc6faf31c710	service	6	table	将来人口の推計（表）	65〜74歳（人）/R4	3111		honpen p.48	✓	auto:ai	2026-10-10	
98bd4ab47f0e80b7	service	6	table	将来人口の推計（表）	65〜74歳（人）/R5	2998		honpen p.48	✓	auto:ai	2026-10-10	
fcf79fa53f320392	service	6	table	将来人口の推計（表）	65〜74歳（人）/R6	2877		honpen p.48	✓	auto:ai	2026-10-10	
956d30d761b814cd	service	6	table	将来人口の推計（表）	65〜74歳（人）/R7	2797		honpen p.48	✓	auto:ai	2026-10-10	
aea82ec1c66738ee	service	6	table	将来人口の推計（表）	65〜74歳（人）/R8	2740		honpen p.48	✓	auto:ai	2026-10-10	
bf0728880e776ab4	service	6	table	将来人口の推計（表）	65〜74歳（人）/R12	2598		honpen p.48	✓	auto:ai	2026-10-10	
258cbe3899ae01a6	service	6	table	将来人口の推計（表）	65〜74歳（人）/R17	2429		honpen p.48	✓	auto:ai	2026-10-10	
a7a0e3eff06f9cd9	service	6	table	将来人口の推計（表）	65〜74歳（人）/R22	2544		honpen p.48	✓	auto:ai	2026-10-10	
e0bb14461139ff9e	service	6	table	将来人口の推計（表）	65〜69歳（人）/R3	1450		honpen p.48	✓	auto:ai	2026-10-10	
49f40950eb5479fe	service	6	table	将来人口の推計（表）	65〜69歳（人）/R4	1420		honpen p.48	✓	auto:ai	2026-10-10	
5829172b1d2c7f8e	service	6	table	将来人口の推計（表）	65〜69歳（人）/R5	1395		honpen p.48	✓	auto:ai	2026-10-10	
d8d2e243b72ecd59	service	6	table	将来人口の推計（表）	65〜69歳（人）/R6	1355		honpen p.48	✓	auto:ai	2026-10-10	
28db7197c2987a49	service	6	table	将来人口の推計（表）	65〜69歳（人）/R7	1359		honpen p.48	✓	auto:ai	2026-10-10	
f33d6739b7f66a5a	service	6	table	将来人口の推計（表）	65〜69歳（人）/R8	1355		honpen p.48	✓	auto:ai	2026-10-10	
245e939263b7c131	service	6	table	将来人口の推計（表）	65〜69歳（人）/R12	1303		honpen p.48	✓	auto:ai	2026-10-10	
0fd508183b463229	service	6	table	将来人口の推計（表）	65〜69歳（人）/R17	1188		honpen p.48	✓	auto:ai	2026-10-10	
90f8ad64d1b21523	service	6	table	将来人口の推計（表）	65〜69歳（人）/R22	1417		honpen p.48	✓	auto:ai	2026-10-10	
95b47a13ccb040f9	service	6	table	将来人口の推計（表）	70〜74歳（人）/R3	1722		honpen p.48	✓	auto:ai	2026-10-10	
02391a278c9e5c2b	service	6	table	将来人口の推計（表）	70〜74歳（人）/R4	1691		honpen p.48	✓	auto:ai	2026-10-10	
94b3f5ec8662470f	service	6	table	将来人口の推計（表）	70〜74歳（人）/R5	1603		honpen p.48	✓	auto:ai	2026-10-10	
d5a152a23e632d4f	service	6	table	将来人口の推計（表）	70〜74歳（人）/R6	1522		honpen p.48	✓	auto:ai	2026-10-10	
d87aca30aa3d0cb4	service	6	table	将来人口の推計（表）	70〜74歳（人）/R7	1438		honpen p.48	✓	auto:ai	2026-10-10	
c3b24fa8fec74c19	service	6	table	将来人口の推計（表）	70〜74歳（人）/R8	1385		honpen p.48	✓	auto:ai	2026-10-10	
c72f49b6719e819e	service	6	table	将来人口の推計（表）	70〜74歳（人）/R12	1295		honpen p.48	✓	auto:ai	2026-10-10	
ed08f1a34ae3fd6f	service	6	table	将来人口の推計（表）	70〜74歳（人）/R17	1241		honpen p.48	✓	auto:ai	2026-10-10	
d6f4ba4ee35baec3	service	6	table	将来人口の推計（表）	70〜74歳（人）/R22	1127		honpen p.48	✓	auto:ai	2026-10-10	
36aac07e3a8ce34c	service	6	table	将来人口の推計（表）	75歳以上（人）/R3	3351		honpen p.48	✓	auto:pdftext	2026-10-10	
c4b5fbececf47c60	service	6	table	将来人口の推計（表）	75歳以上（人）/R4	3429		honpen p.48	✓	auto:pdftext	2026-10-10	
3073cbd097768b27	service	6	table	将来人口の推計（表）	75歳以上（人）/R5	3531		honpen p.48	✓	auto:pdftext	2026-10-10	
1b797e7f1a83b614	service	6	table	将来人口の推計（表）	75歳以上（人）/R6	3663		honpen p.48	✓	auto:pdftext	2026-10-10	
3fcc10352adca526	service	6	table	将来人口の推計（表）	75歳以上（人）/R7	3777		honpen p.48	✓	auto:pdftext	2026-10-10	
263ad21a24859b70	service	6	table	将来人口の推計（表）	75歳以上（人）/R8	3844		honpen p.48	✓	auto:ai	2026-10-10	
891fd2679a4d6d3b	service	6	table	将来人口の推計（表）	75歳以上（人）/R12	3991		honpen p.48	✓	auto:ai	2026-10-10	
fd97c274ea049b83	service	6	table	将来人口の推計（表）	75歳以上（人）/R17	3977		honpen p.48	✓	auto:ai	2026-10-10	
50c3d3c091264fd3	service	6	table	将来人口の推計（表）	75歳以上（人）/R22	3831		honpen p.48	✓	auto:ai	2026-10-10	
69313525f175b3a1	service	6	table	将来人口の推計（表）	75〜79歳（人）/R3	1107		honpen p.48	✓	auto:ai	2026-10-10	
3e9f441d42c6f6f9	service	6	table	将来人口の推計（表）	75〜79歳（人）/R4	1181		honpen p.48	✓	auto:ai	2026-10-10	
202f2666fa3e5afc	service	6	table	将来人口の推計（表）	75〜79歳（人）/R5	1304		honpen p.48	✓	auto:ai	2026-10-10	
8d4d1fcab8a99626	service	6	table	将来人口の推計（表）	75〜79歳（人）/R6	1378		honpen p.48	✓	auto:ai	2026-10-10	
20bc24b135bf28e9	service	6	table	将来人口の推計（表）	75〜79歳（人）/R7	1525		honpen p.48	✓	auto:ai	2026-10-10	
9a3ccfa1960b38fe	service	6	table	将来人口の推計（表）	75〜79歳（人）/R8	1589		honpen p.48	✓	auto:ai	2026-10-10	
f1da0039710e60d6	service	6	table	将来人口の推計（表）	75〜79歳（人）/R12	1337		honpen p.48	✓	auto:ai	2026-10-10	
2deaba43676eb4d4	service	6	table	将来人口の推計（表）	75〜79歳（人）/R17	1201		honpen p.48	✓	auto:ai	2026-10-10	
46bb9e8c314e7e01	service	6	table	将来人口の推計（表）	75〜79歳（人）/R22	1146		honpen p.48	✓	auto:ai	2026-10-10	
e2b7aab5de60011e	service	6	table	将来人口の推計（表）	80〜84歳（人）/R3	917		honpen p.48	✓	auto:ai	2026-10-10	
f548a26fad2fccf4	service	6	table	将来人口の推計（表）	80〜84歳（人）/R4	918		honpen p.48	✓	auto:ai	2026-10-10	
dfbf81e6516c9644	service	6	table	将来人口の推計（表）	80〜84歳（人）/R5	932		honpen p.48	✓	auto:ai	2026-10-10	
cee966e8bcf7f2ab	service	6	table	将来人口の推計（表）	80〜84歳（人）/R6	1009		honpen p.48	✓	auto:ai	2026-10-10	
3bed94c4f7af000d	service	6	table	将来人口の推計（表）	80〜84歳（人）/R7	962		honpen p.48	✓	auto:ai	2026-10-10	
d7b33e771740dff5	service	6	table	将来人口の推計（表）	80〜84歳（人）/R8	957		honpen p.48	✓	auto:ai	2026-10-10	
ecdf5def4cc1545c	service	6	table	将来人口の推計（表）	80〜84歳（人）/R12	1333		honpen p.48	✓	auto:ai	2026-10-10	
4a2a4350deb17d23	service	6	table	将来人口の推計（表）	80〜84歳（人）/R17	1163		honpen p.48	✓	auto:ai	2026-10-10	
3f3e6dfeaf128686	service	6	table	将来人口の推計（表）	80〜84歳（人）/R22	1042		honpen p.48	✓	auto:ai	2026-10-10	
4e4772744a5408fd	service	6	table	将来人口の推計（表）	85〜89歳（人）/R3	760		honpen p.48	✓	auto:ai	2026-10-10	
67598bbefd4734aa	service	6	table	将来人口の推計（表）	85〜89歳（人）/R4	759		honpen p.48	✓	auto:ai	2026-10-10	
f3258355cca94cb5	service	6	table	将来人口の推計（表）	85〜89歳（人）/R5	710		honpen p.48	✓	auto:ai	2026-10-10	
605a529f7c0e62b5	service	6	table	将来人口の推計（表）	85〜89歳（人）/R6	673		honpen p.48	✓	auto:ai	2026-10-10	
c4d3bea8e852d919	service	6	table	将来人口の推計（表）	85〜89歳（人）/R7	690		honpen p.48	✓	auto:ai	2026-10-10	
6c4612aa112151dc	service	6	table	将来人口の推計（表）	85〜89歳（人）/R8	687		honpen p.48	✓	auto:ai	2026-10-10	
152426e93b55ed6b	service	6	table	将来人口の推計（表）	85〜89歳（人）/R12	731		honpen p.48	✓	auto:ai	2026-10-10	
7b1be5d304a41d98	service	6	table	将来人口の推計（表）	85〜89歳（人）/R17	1009		honpen p.48	✓	auto:ai	2026-10-10	
26fbc73a3c6edd9e	service	6	table	将来人口の推計（表）	85〜89歳（人）/R22	885		honpen p.48	✓	auto:ai	2026-10-10	
6465d8f87caa06c4	service	6	table	将来人口の推計（表）	90歳以上（人）/R3	567		honpen p.48	✓	auto:ai	2026-10-10	
a2b8476ed979f279	service	6	table	将来人口の推計（表）	90歳以上（人）/R4	571		honpen p.48	✓	auto:ai	2026-10-10	
d8cf0c515df7703d	service	6	table	将来人口の推計（表）	90歳以上（人）/R5	585		honpen p.48	✓	auto:ai	2026-10-10	
2770e85a21345765	service	6	table	将来人口の推計（表）	90歳以上（人）/R6	603		honpen p.48	✓	auto:ai	2026-10-10	
512802068009f577	service	6	table	将来人口の推計（表）	90歳以上（人）/R7	600		honpen p.48	✓	auto:ai	2026-10-10	
ab6ddef958d49835	service	6	table	将来人口の推計（表）	90歳以上（人）/R8	611		honpen p.48	✓	auto:ai	2026-10-10	
6614b13ffd1a4513	service	6	table	将来人口の推計（表）	90歳以上（人）/R12	590		honpen p.48	✓	auto:ai	2026-10-10	
774205a1732f9bd0	service	6	table	将来人口の推計（表）	90歳以上（人）/R17	604		honpen p.48	✓	auto:ai	2026-10-10	
4eba28c245a7f831	service	6	table	将来人口の推計（表）	90歳以上（人）/R22	758		honpen p.48	✓	auto:ai	2026-10-10	
bfc10ff6006c8d08	service	6	table	将来人口の推計（表）	65歳以上の割合（%）/R3	30.9		honpen p.48	✓	auto:ai	2026-10-10	
3627fc3ff96cc69b	service	6	table	将来人口の推計（表）	65歳以上の割合（%）/R4	31.1		honpen p.48	✓	auto:ai	2026-10-10	
33eb69ad8ae5e8f1	service	6	table	将来人口の推計（表）	65歳以上の割合（%）/R5	31.3		honpen p.48	✓	auto:ai	2026-10-10	
3cb9f2496662973f	service	6	table	将来人口の推計（表）	65歳以上の割合（%）/R6	31.5		honpen p.48	✓	auto:ai	2026-10-10	
dc0c7c94d66bef4e	service	6	table	将来人口の推計（表）	65歳以上の割合（%）/R7	31.8		honpen p.48	✓	auto:ai	2026-10-10	
71b3658262e74a2e	service	6	table	将来人口の推計（表）	65歳以上の割合（%）/R8	32.1		honpen p.48	✓	auto:ai	2026-10-10	
4146152c42d9826f	service	6	table	将来人口の推計（表）	65歳以上の割合（%）/R12	33.1		honpen p.48	✓	auto:ai	2026-10-10	
1a0606ebfd0617bd	service	6	table	将来人口の推計（表）	65歳以上の割合（%）/R17	33.6		honpen p.48	✓	auto:ai	2026-10-10	
584163d1a636c2d4	service	6	table	将来人口の推計（表）	65歳以上の割合（%）/R22	35.3		honpen p.48	✓	auto:ai	2026-10-10	
f6b5abfffc2e6271	service	6	table	将来人口の推計（表）	75歳以上の割合（%）/R3	15.9		honpen p.48	✓	auto:ai	2026-10-10	
648aade2ba6b3593	service	6	table	将来人口の推計（表）	75歳以上の割合（%）/R4	16.3		honpen p.48	✓	auto:ai	2026-10-10	
e4f79f6b640fbedf	service	6	table	将来人口の推計（表）	75歳以上の割合（%）/R5	16.9		honpen p.48	✓	auto:ai	2026-10-10	
3b75c1db46d3dd3d	service	6	table	将来人口の推計（表）	75歳以上の割合（%）/R6	17.6		honpen p.48	✓	auto:ai	2026-10-10	
a82f48586f4b2a95	service	6	table	将来人口の推計（表）	75歳以上の割合（%）/R7	18.3		honpen p.48	✓	auto:ai	2026-10-10	
f206d03563554283	service	6	table	将来人口の推計（表）	75歳以上の割合（%）/R8	18.7		honpen p.48	✓	auto:ai	2026-10-10	
c4033cf5b2ad0c6a	service	6	table	将来人口の推計（表）	75歳以上の割合（%）/R12	20.0		honpen p.48	✓	auto:ai	2026-10-10	
d0c0180892d1bb21	service	6	table	将来人口の推計（表）	75歳以上の割合（%）/R17	20.8		honpen p.48	✓	auto:ai	2026-10-10	
21cace3a3b90ea93	service	6	table	将来人口の推計（表）	75歳以上の割合（%）/R22	21.2		honpen p.48	✓	auto:ai	2026-10-10	
e954ba7e8cc9122d	service	9	table	要支援・要介護の認定者数の推計	第1号被保険者数（人）/R3	6523		honpen p.50	✓	auto:ai	2026-10-10	
7552395d0b77dd86	service	9	table	要支援・要介護の認定者数の推計	第1号被保険者数（人）/R4	6540		honpen p.50	✓	auto:ai	2026-10-10	
fd94a08707d13757	service	9	table	要支援・要介護の認定者数の推計	第1号被保険者数（人）/R5	6529		honpen p.50	✓	auto:pdftext	2026-10-10	
5d943583354a7c3f	service	9	table	要支援・要介護の認定者数の推計	第1号被保険者数（人）/R6	6540		honpen p.50	✓	auto:pdftext	2026-10-10	
84a64fbda0a264e7	service	9	table	要支援・要介護の認定者数の推計	第1号被保険者数（人）/R7	6574		honpen p.50	✓	auto:pdftext	2026-10-10	
76c2d8b897cfb793	service	9	table	要支援・要介護の認定者数の推計	第1号被保険者数（人）/R8	6584		honpen p.50	✓	auto:pdftext	2026-10-10	
29189dca25b749e2	service	9	table	要支援・要介護の認定者数の推計	第1号被保険者数（人）/R12	6589		honpen p.50	✓	auto:pdftext	2026-10-10	
d3bd6ee641915dea	service	9	table	要支援・要介護の認定者数の推計	第1号被保険者数（人）/R17	6406		honpen p.50	✓	auto:ai	2026-10-10	
2768647fee9604c7	service	9	table	要支援・要介護の認定者数の推計	第1号被保険者数（人）/R22	6375		honpen p.50	✓	auto:pdftext	2026-10-10	
0ff0272d8a9ed63b	service	9	table	要支援・要介護の認定者数の推計	認定者数（人）/R3	1076		honpen p.50	✓	auto:pdftext	2026-10-10	
1e5ea9ab0b25b9ee	service	9	table	要支援・要介護の認定者数の推計	認定者数（人）/R4	1105		honpen p.50	✓	auto:pdftext	2026-10-10	
a9ee0b8f25affc66	service	9	table	要支援・要介護の認定者数の推計	認定者数（人）/R5	1078		honpen p.50	✓	auto:pdftext	2026-10-10	
30217a5e7bddc75f	service	9	table	要支援・要介護の認定者数の推計	認定者数（人）/R6	1097		honpen p.50	✓	auto:pdftext	2026-10-10	
586fb1bd2254c507	service	9	table	要支援・要介護の認定者数の推計	認定者数（人）/R7	1106		honpen p.50	✓	auto:pdftext	2026-10-10	
c18c0db30a56b4a8	service	9	table	要支援・要介護の認定者数の推計	認定者数（人）/R8	1113		honpen p.50	✓	auto:pdftext	2026-10-10	
34576b5c4f3f175a	service	9	table	要支援・要介護の認定者数の推計	認定者数（人）/R12	1154		honpen p.50	✓	auto:pdftext	2026-10-10	
d04539d6f1ec2142	service	9	table	要支援・要介護の認定者数の推計	認定者数（人）/R17	1231		honpen p.50	✓	auto:pdftext	2026-10-10	
09b3a08418590c8c	service	9	table	要支援・要介護の認定者数の推計	認定者数（人）/R22	1238		honpen p.50	✓	auto:pdftext	2026-10-10	
44d52d213f14c4ff	service	9	table	要支援・要介護の認定者数の推計	要支援1（人）/R3	87		honpen p.50	✓	auto:ai	2026-10-10	
87eaa4ef91229004	service	9	table	要支援・要介護の認定者数の推計	要支援1（人）/R4	80		honpen p.50	✓	auto:pdftext	2026-10-10	
a0e0635d0f80525a	service	9	table	要支援・要介護の認定者数の推計	要支援1（人）/R5	84		honpen p.50	✓	auto:pdftext	2026-10-10	
bacba9be53a72d69	service	9	table	要支援・要介護の認定者数の推計	要支援1（人）/R6	83		honpen p.50	✓	auto:pdftext	2026-10-10	
c4dc477049941b69	service	9	table	要支援・要介護の認定者数の推計	要支援1（人）/R7	84		honpen p.50	✓	auto:pdftext	2026-10-10	
65a0f3dadb7ee52d	service	9	table	要支援・要介護の認定者数の推計	要支援1（人）/R8	83		honpen p.50	✓	auto:pdftext	2026-10-10	
e2964046646f7502	service	9	table	要支援・要介護の認定者数の推計	要支援1（人）/R12	89		honpen p.50	✓	auto:pdftext	2026-10-10	
ff7eb473697f18b5	service	9	table	要支援・要介護の認定者数の推計	要支援1（人）/R17	97		honpen p.50	✓	auto:pdftext	2026-10-10	
312c9e9315c52aae	service	9	table	要支援・要介護の認定者数の推計	要支援1（人）/R22	94		honpen p.50	✓	auto:pdftext	2026-10-10	
0411fd5171c8c385	service	9	table	要支援・要介護の認定者数の推計	要支援2（人）/R3	110		honpen p.50	✓	auto:pdftext	2026-10-10	
2d9523add5c623ba	service	9	table	要支援・要介護の認定者数の推計	要支援2（人）/R4	122		honpen p.50	✓	auto:pdftext	2026-10-10	
7168b1101c82ea22	service	9	table	要支援・要介護の認定者数の推計	要支援2（人）/R5	103		honpen p.50	✓	auto:pdftext	2026-10-10	
d4c8d6a618088546	service	9	table	要支援・要介護の認定者数の推計	要支援2（人）/R6	108		honpen p.50	✓	auto:pdftext	2026-10-10	
b338e71269e47a03	service	9	table	要支援・要介護の認定者数の推計	要支援2（人）/R7	110		honpen p.50	✓	auto:pdftext	2026-10-10	
7ed94044f9fe22c3	service	9	table	要支援・要介護の認定者数の推計	要支援2（人）/R8	109		honpen p.50	✓	auto:pdftext	2026-10-10	
bc9356240833a4e6	service	9	table	要支援・要介護の認定者数の推計	要支援2（人）/R12	119		honpen p.50	✓	auto:pdftext	2026-10-10	
888a76682a706bdf	service	9	table	要支援・要介護の認定者数の推計	要支援2（人）/R17	119		honpen p.50	✓	auto:pdftext	2026-10-10	
2b862bae9d8c8e90	service	9	table	要支援・要介護の認定者数の推計	要支援2（人）/R22	116		honpen p.50	✓	auto:pdftext	2026-10-10	
1459e545c45e054a	service	9	table	要支援・要介護の認定者数の推計	要介護1（人）/R3	241		honpen p.50	✓	auto:pdftext	2026-10-10	
f2a7defc7204187b	service	9	table	要支援・要介護の認定者数の推計	要介護1（人）/R4	247		honpen p.50	✓	auto:pdftext	2026-10-10	
6a27d4982bced106	service	9	table	要支援・要介護の認定者数の推計	要介護1（人）/R5	243		honpen p.50	✓	auto:pdftext	2026-10-10	
8801b503ca87d8d6	service	9	table	要支援・要介護の認定者数の推計	要介護1（人）/R6	249		honpen p.50	✓	auto:pdftext	2026-10-10	
7a4449304aee592a	service	9	table	要支援・要介護の認定者数の推計	要介護1（人）/R7	248		honpen p.50	✓	auto:pdftext	2026-10-10	
6d7d7adb79b2cdd1	service	9	table	要支援・要介護の認定者数の推計	要介護1（人）/R8	251		honpen p.50	✓	auto:pdftext	2026-10-10	
d8c2a4071d0660fa	service	9	table	要支援・要介護の認定者数の推計	要介護1（人）/R12	262		honpen p.50	✓	auto:pdftext	2026-10-10	
1b33e77a223b7477	service	9	table	要支援・要介護の認定者数の推計	要介護1（人）/R17	285		honpen p.50	✓	auto:pdftext	2026-10-10	
c6edb65d535d0e99	service	9	table	要支援・要介護の認定者数の推計	要介護1（人）/R22	286		honpen p.50	✓	auto:pdftext	2026-10-10	
27e53ece557ddfb7	service	9	table	要支援・要介護の認定者数の推計	要介護2（人）/R3	223		honpen p.50	✓	auto:pdftext	2026-10-10	
6d57a75c38d07c1b	service	9	table	要支援・要介護の認定者数の推計	要介護2（人）/R4	197		honpen p.50	✓	auto:pdftext	2026-10-10	
638a89b0a020f4d4	service	9	table	要支援・要介護の認定者数の推計	要介護2（人）/R5	214		honpen p.50	✓	auto:pdftext	2026-10-10	
5d3833d153d31d33	service	9	table	要支援・要介護の認定者数の推計	要介護2（人）/R6	211		honpen p.50	✓	auto:pdftext	2026-10-10	
57fe787083845c5e	service	9	table	要支援・要介護の認定者数の推計	要介護2（人）/R7	216		honpen p.50	✓	auto:pdftext	2026-10-10	
6551a9571a6e885f	service	9	table	要支援・要介護の認定者数の推計	要介護2（人）/R8	217		honpen p.50	✓	auto:pdftext	2026-10-10	
a8bc90e4bd4f425c	service	9	table	要支援・要介護の認定者数の推計	要介護2（人）/R12	223		honpen p.50	✓	auto:pdftext	2026-10-10	
7f3a3a5d0f9d2b8f	service	9	table	要支援・要介護の認定者数の推計	要介護2（人）/R17	238		honpen p.50	✓	auto:pdftext	2026-10-10	
0286d5538cfa9e63	service	9	table	要支援・要介護の認定者数の推計	要介護2（人）/R22	237		honpen p.50	✓	auto:pdftext	2026-10-10	
ab49c7bc65bd83dd	service	9	table	要支援・要介護の認定者数の推計	要介護3（人）/R3	161		honpen p.50	✓	auto:ai	2026-10-10	
f99074de3fbdd269	service	9	table	要支援・要介護の認定者数の推計	要介護3（人）/R4	196		honpen p.50	✓	auto:ai	2026-10-10	
02e98a61a570a6b4	service	9	table	要支援・要介護の認定者数の推計	要介護3（人）/R5	203		honpen p.50	✓	auto:ai	2026-10-10	
d7cd96289d89bfdc	service	9	table	要支援・要介護の認定者数の推計	要介護3（人）/R6	215		honpen p.50	✓	auto:ai	2026-10-10	
3a92c5801fb90b2a	service	9	table	要支援・要介護の認定者数の推計	要介護3（人）/R7	219		honpen p.50	✓	auto:ai	2026-10-10	
334eb84c1a5001b6	service	9	table	要支援・要介護の認定者数の推計	要介護3（人）/R8	222		honpen p.50	✓	auto:ai	2026-10-10	
7c490052166d9c08	service	9	table	要支援・要介護の認定者数の推計	要介護3（人）/R12	228		honpen p.50	✓	auto:ai	2026-10-10	
e9a60491f2ee49d6	service	9	table	要支援・要介護の認定者数の推計	要介護3（人）/R17	247		honpen p.50	✓	auto:ai	2026-10-10	
2ded51e38204761f	service	9	table	要支援・要介護の認定者数の推計	要介護3（人）/R22	253		honpen p.50	✓	auto:ai	2026-10-10	
b1f5641dc5837a56	service	9	table	要支援・要介護の認定者数の推計	要介護4（人）/R3	164		honpen p.50	✓	auto:ai	2026-10-10	
bf65f6f668a790d2	service	9	table	要支援・要介護の認定者数の推計	要介護4（人）/R4	169		honpen p.50	✓	auto:ai	2026-10-10	
31dfaed2ba4438fa	service	9	table	要支援・要介護の認定者数の推計	要介護4（人）/R5	140		honpen p.50	✓	auto:ai	2026-10-10	
0f75d79bb5b7a0a1	service	9	table	要支援・要介護の認定者数の推計	要介護4（人）/R6	140		honpen p.50	✓	auto:ai	2026-10-10	
a1d2c40aebdac15a	service	9	table	要支援・要介護の認定者数の推計	要介護4（人）/R7	137		honpen p.50	✓	auto:ai	2026-10-10	
f3bcc4d9ee6e3f18	service	9	table	要支援・要介護の認定者数の推計	要介護4（人）/R8	138		honpen p.50	✓	auto:ai	2026-10-10	
5cd097af8b8b63d1	service	9	table	要支援・要介護の認定者数の推計	要介護4（人）/R12	138		honpen p.50	✓	auto:ai	2026-10-10	
18eee34e4375925b	service	9	table	要支援・要介護の認定者数の推計	要介護4（人）/R17	146		honpen p.50	✓	auto:ai	2026-10-10	
8ec9fe9434afe39a	service	9	table	要支援・要介護の認定者数の推計	要介護4（人）/R22	152		honpen p.50	✓	auto:ai	2026-10-10	
821f58606d483183	service	9	table	要支援・要介護の認定者数の推計	要介護5（人）/R3	90		honpen p.50	✓	auto:ai	2026-10-10	
5a966c8c9303c3ab	service	9	table	要支援・要介護の認定者数の推計	要介護5（人）/R4	94		honpen p.50	✓	auto:ai	2026-10-10	
4547af5874e7e718	service	9	table	要支援・要介護の認定者数の推計	要介護5（人）/R5	91		honpen p.50	✓	auto:ai	2026-10-10	
17a7526b9628a65a	service	9	table	要支援・要介護の認定者数の推計	要介護5（人）/R6	91		honpen p.50	✓	auto:ai	2026-10-10	
86711e71e232a30a	service	9	table	要支援・要介護の認定者数の推計	要介護5（人）/R7	92		honpen p.50	✓	auto:ai	2026-10-10	
55674389a1ee520c	service	9	table	要支援・要介護の認定者数の推計	要介護5（人）/R8	93		honpen p.50	✓	auto:ai	2026-10-10	
81401292fe947e66	service	9	table	要支援・要介護の認定者数の推計	要介護5（人）/R12	95		honpen p.50	✓	auto:ai	2026-10-10	
d683d227cae4ffdc	service	9	table	要支援・要介護の認定者数の推計	要介護5（人）/R17	99		honpen p.50	✓	auto:ai	2026-10-10	
90e8171a5e26427f	service	9	table	要支援・要介護の認定者数の推計	要介護5（人）/R22	100		honpen p.50	✓	auto:ai	2026-10-10	
e8c1207513b0f165	service	9	table	要支援・要介護の認定者数の推計	認定率（%）/R3	16.5		honpen p.50	✓	auto:ai	2026-10-10	
02ec299398575400	service	9	table	要支援・要介護の認定者数の推計	認定率（%）/R4	16.9		honpen p.50	✓	auto:ai	2026-10-10	要人確認:H4 難しさ2点
a61fdf2c6490a26a	service	9	table	要支援・要介護の認定者数の推計	認定率（%）/R5	16.5		honpen p.50	✓	auto:ai	2026-10-10	
ecacacbaae9fd059	service	9	table	要支援・要介護の認定者数の推計	認定率（%）/R6	16.8		honpen p.50	✓	auto:ai	2026-10-10	
14061f8b618ada47	service	9	table	要支援・要介護の認定者数の推計	認定率（%）/R7	16.8		honpen p.50	✓	auto:ai	2026-10-10	
1f19103eb80215ca	service	9	table	要支援・要介護の認定者数の推計	認定率（%）/R8	16.9		honpen p.50	✓	auto:ai	2026-10-10	
d12c6712b1030eb4	service	9	table	要支援・要介護の認定者数の推計	認定率（%）/R12	17.5		honpen p.50	✓	auto:ai	2026-10-10	
a5a3c3f66261ab69	service	9	table	要支援・要介護の認定者数の推計	認定率（%）/R17	19.2		honpen p.50	✓	auto:ai	2026-10-10	
1d5791359752fd23	service	9	table	要支援・要介護の認定者数の推計	認定率（%）/R22	19.4		honpen p.50	✓	auto:ai	2026-10-10	
05c514fbfe5b5961	service	12	table	わたむき圏域の現況	日野地区/面積（㎢）	12.00		honpen p.45	✓	auto:pdftext	2026-10-10	
e32863bb053f23ba	service	12	table	わたむき圏域の現況	日野地区/人口（人）	8224		honpen p.45	✓	auto:pdftext	2026-10-10	
709c08df6e32afe1	service	12	table	わたむき圏域の現況	日野地区/世帯数（世帯）	3548		honpen p.45	✓	auto:pdftext	2026-10-10	
d9b9370248e70feb	service	12	table	わたむき圏域の現況	日野地区/高齢者人口（人）	1982		honpen p.45	✓	auto:pdftext	2026-10-10	
feb0bed952fb3cf6	service	12	table	わたむき圏域の現況	日野地区/高齢化率（%）	24.1		honpen p.45	✓	auto:pdftext	2026-10-10	
6e0aa333b7726471	service	12	table	わたむき圏域の現況	東桜谷地区/面積（㎢）	24.50		honpen p.45	✓	auto:ai	2026-10-10	
22c6a19a2115ab66	service	12	table	わたむき圏域の現況	東桜谷地区/人口（人）	1355		honpen p.45	✓	auto:pdftext	2026-10-10	
51f3a15088d9d333	service	12	table	わたむき圏域の現況	東桜谷地区/世帯数（世帯）	520		honpen p.45	✓	auto:pdftext	2026-10-10	
805363974549b10d	service	12	table	わたむき圏域の現況	東桜谷地区/高齢者人口（人）	620		honpen p.45	✓	auto:ai	2026-10-10	
669cb7f646354655	service	12	table	わたむき圏域の現況	東桜谷地区/高齢化率（%）	45.8		honpen p.45	✓	auto:pdftext	2026-10-10	
313113e07fcd2705	service	12	table	わたむき圏域の現況	西桜谷地区/面積（㎢）	10.80		honpen p.45	✓	auto:ai	2026-10-10	
e2c02416880daec4	service	12	table	わたむき圏域の現況	西桜谷地区/人口（人）	1052		honpen p.45	✓	auto:pdftext	2026-10-10	
d8089b91722cfabd	service	12	table	わたむき圏域の現況	西桜谷地区/世帯数（世帯）	445		honpen p.45	✓	auto:pdftext	2026-10-10	
36e8dea2c2a3d99a	service	12	table	わたむき圏域の現況	西桜谷地区/高齢者人口（人）	438		honpen p.45	✓	auto:ai	2026-10-10	
2d11774de67c7404	service	12	table	わたむき圏域の現況	西桜谷地区/高齢化率（%）	41.6		honpen p.45	✓	auto:pdftext	2026-10-10	
226e5f7c8ca97175	service	12	table	わたむき圏域の現況	西大路地区/面積（㎢）	27.63		honpen p.45	✓	auto:ai	2026-10-10	要人確認:H4 難しさ0点
89dfed58c5a6732f	service	12	table	わたむき圏域の現況	西大路地区/人口（人）	1834		honpen p.45	✓	auto:pdftext	2026-10-10	
a4cf69aa8012f4ec	service	12	table	わたむき圏域の現況	西大路地区/世帯数（世帯）	791		honpen p.45	✓	auto:pdftext	2026-10-10	
8054e0b9003f45fd	service	12	table	わたむき圏域の現況	西大路地区/高齢者人口（人）	701		honpen p.45	✓	auto:ai	2026-10-10	
6dc03ba38b37877f	service	12	table	わたむき圏域の現況	西大路地区/高齢化率（%）	38.2		honpen p.45	✓	auto:pdftext	2026-10-10	
7462e61688d101f9	service	12	table	わたむき圏域の現況	圏域計/面積（㎢）	74.93		honpen p.45	✓	auto:pdftext	2026-10-10	
4281825ec02744c7	service	12	table	わたむき圏域の現況	圏域計/人口（人）	12465		honpen p.45	✓	auto:pdftext	2026-10-10	
c7da9e15efefea8b	service	12	table	わたむき圏域の現況	圏域計/世帯数（世帯）	5304		honpen p.45	✓	auto:pdftext	2026-10-10	
8bf29f4d5bad41e8	service	12	table	わたむき圏域の現況	圏域計/高齢者人口（人）	3741		honpen p.45	✓	auto:pdftext	2026-10-10	
49eab2f91718ffd9	service	12	table	わたむき圏域の現況	圏域計/高齢化率（%）	30.0		honpen p.45	✓	auto:pdftext	2026-10-10	
d0ad2be71bade5c2	service	13	table	わたむき圏域の介護サービス事業所等（か所）	日野地区/居宅介護支援事業所	4		honpen p.45	✓	auto:ai	2026-10-10	
c2b69896a58d6067	service	13	table	わたむき圏域の介護サービス事業所等（か所）	日野地区/訪問介護	1		honpen p.45	✓	auto:ai	2026-10-10	
fa35a59d0ecf74e1	service	13	table	わたむき圏域の介護サービス事業所等（か所）	日野地区/通所介護	3		honpen p.45	✓	auto:ai	2026-10-10	
e6307528e947110d	service	13	table	わたむき圏域の介護サービス事業所等（か所）	日野地区/通所リハ	1		honpen p.45	✓	auto:ai	2026-10-10	
8f30d97bef1affe5	service	13	table	わたむき圏域の介護サービス事業所等（か所）	日野地区/介護3施設（特養・老健・療養）	2		honpen p.45	✓	auto:ai	2026-10-10	
a66e95557071a74d	service	13	table	わたむき圏域の介護サービス事業所等（か所）	日野地区/地域密着型通所介護	1		honpen p.45	✓	auto:ai	2026-10-10	
6fde38ad1c272bf3	service	13	table	わたむき圏域の介護サービス事業所等（か所）	西桜谷地区/小規模多機能型居宅介護	1		honpen p.45	✓	auto:ai	2026-10-10	
3a84e616dbd0508b	service	13	table	わたむき圏域の介護サービス事業所等（か所）	西大路地区/通所介護	1		honpen p.45	✓	auto:ai	2026-10-10	
d90ff45b852fd06d	service	13	table	わたむき圏域の介護サービス事業所等（か所）	西大路地区/認知症対応型共同生活介護	2		honpen p.45	✓	auto:ai	2026-10-10	
dcc88362458c64b1	service	13	table	わたむき圏域の介護サービス事業所等（か所）	圏域計/居宅介護支援事業所	4		honpen p.45	✓	auto:ai	2026-10-10	
1349ccf7ebc3cf27	service	13	table	わたむき圏域の介護サービス事業所等（か所）	圏域計/訪問介護	1		honpen p.45	✓	auto:ai	2026-10-10	
a56e18a624c6f96a	service	13	table	わたむき圏域の介護サービス事業所等（か所）	圏域計/通所介護	4		honpen p.45	✓	auto:ai	2026-10-10	
d9eccd8933665817	service	13	table	わたむき圏域の介護サービス事業所等（か所）	圏域計/通所リハ	1		honpen p.45	✓	auto:ai	2026-10-10	
90c038ea1fb40f08	service	13	table	わたむき圏域の介護サービス事業所等（か所）	圏域計/介護3施設（特養・老健・療養）	2		honpen p.45	✓	auto:ai	2026-10-10	
05e0bd9d559b0822	service	13	table	わたむき圏域の介護サービス事業所等（か所）	圏域計/養護老人ホーム・ケアハウス	0		honpen p.45	✓	auto:ai	2026-10-10	要人確認:H4 難しさ6点
fa0e575b7338f388	service	13	table	わたむき圏域の介護サービス事業所等（か所）	圏域計/地域密着型通所介護	1		honpen p.45	✓	auto:ai	2026-10-10	
4c166eebd2d338d8	service	13	table	わたむき圏域の介護サービス事業所等（か所）	圏域計/認知症対応型通所介護	0		honpen p.45	✓	auto:ai	2026-10-10	
0cdf046211d786d7	service	13	table	わたむき圏域の介護サービス事業所等（か所）	圏域計/小規模多機能型居宅介護	1		honpen p.45	✓	auto:ai	2026-10-10	
5330b8e5d1b2b32a	service	13	table	わたむき圏域の介護サービス事業所等（か所）	圏域計/認知症対応型共同生活介護	2		honpen p.45	✓	auto:ai	2026-10-10	
d92b68276c7e8a24	service	14	table	わたむき圏域の地域密着型サービスの整備見込み（か所）	看護小規模多機能型居宅介護/R7	1		honpen p.45	✓	auto:ai	2026-10-10	要人確認:H4 難しさ6点
b8cdf1b582d870d1	service	14	table	わたむき圏域の地域密着型サービスの整備見込み（か所）	圏域計/R6	0		honpen p.45	✓	auto:ai	2026-10-10	
e79d85a3cf40abc7	service	14	table	わたむき圏域の地域密着型サービスの整備見込み（か所）	圏域計/R7	1		honpen p.45	✓	auto:pdftext	2026-10-10	
669d26da084cddbb	service	14	table	わたむき圏域の地域密着型サービスの整備見込み（か所）	圏域計/R8	0		honpen p.45	✓	auto:pdftext	2026-10-10	
87b6fa1ee1506351	service	15	table	しゃくなげ圏域の現況	鎌掛地区/面積（㎢）	14.00		honpen p.46	✓	auto:pdftext	2026-10-10	
2686bf1d1c52c974	service	15	table	しゃくなげ圏域の現況	鎌掛地区/人口（人）	678		honpen p.46	✓	auto:pdftext	2026-10-10	
8267f9e0a46fe31b	service	15	table	しゃくなげ圏域の現況	鎌掛地区/世帯数（世帯）	251		honpen p.46	✓	auto:pdftext	2026-10-10	
18ce46155bfe976c	service	15	table	しゃくなげ圏域の現況	鎌掛地区/高齢者人口（人）	313		honpen p.46	✓	auto:pdftext	2026-10-10	
92610796aacb0f9a	service	15	table	しゃくなげ圏域の現況	鎌掛地区/高齢化率（%）	46.2		honpen p.46	✓	auto:pdftext	2026-10-10	
d27d5a5a2bee474d	service	15	table	しゃくなげ圏域の現況	南比都佐地区/面積（㎢）	13.90		honpen p.46	✓	auto:ai	2026-10-10	
22d45cf2d92744dc	service	15	table	しゃくなげ圏域の現況	南比都佐地区/人口（人）	2047		honpen p.46	✓	auto:pdftext	2026-10-10	
562fc6c6e266ef47	service	15	table	しゃくなげ圏域の現況	南比都佐地区/世帯数（世帯）	777		honpen p.46	✓	auto:pdftext	2026-10-10	
832cbb716f5da1ab	service	15	table	しゃくなげ圏域の現況	南比都佐地区/高齢者人口（人）	741		honpen p.46	✓	auto:ai	2026-10-10	要人確認:H4 難しさ0点
59b813fefd76c035	service	15	table	しゃくなげ圏域の現況	南比都佐地区/高齢化率（%）	36.2		honpen p.46	✓	auto:pdftext	2026-10-10	
6ddb1f8c35e5176d	service	15	table	しゃくなげ圏域の現況	必佐地区/面積（㎢）	14.80		honpen p.46	✓	auto:pdftext	2026-10-10	
864be26031d0320f	service	15	table	しゃくなげ圏域の現況	必佐地区/人口（人）	5688		honpen p.46	✓	auto:pdftext	2026-10-10	
b315d629f9accb30	service	15	table	しゃくなげ圏域の現況	必佐地区/世帯数（世帯）	2421		honpen p.46	✓	auto:pdftext	2026-10-10	
517e7e641c844cfd	service	15	table	しゃくなげ圏域の現況	必佐地区/高齢者人口（人）	1734		honpen p.46	✓	auto:pdftext	2026-10-10	
3522b22c94e14324	service	15	table	しゃくなげ圏域の現況	必佐地区/高齢化率（%）	30.5		honpen p.46	✓	auto:pdftext	2026-10-10	
40e731e67a892f8b	service	15	table	しゃくなげ圏域の現況	圏域計/面積（㎢）	42.70		honpen p.46	✓	auto:pdftext	2026-10-10	
3c0bea1d7c7d3fb3	service	15	table	しゃくなげ圏域の現況	圏域計/人口（人）	8413		honpen p.46	✓	auto:pdftext	2026-10-10	
31a4e2fd1246fd2b	service	15	table	しゃくなげ圏域の現況	圏域計/世帯数（世帯）	3449		honpen p.46	✓	auto:pdftext	2026-10-10	
b1023d4edc9ce530	service	15	table	しゃくなげ圏域の現況	圏域計/高齢者人口（人）	2788		honpen p.46	✓	auto:pdftext	2026-10-10	
a7104cd87bf2ba92	service	15	table	しゃくなげ圏域の現況	圏域計/高齢化率（%）	33.1		honpen p.46	✓	auto:pdftext	2026-10-10	
3286181dbb424b1f	service	16	table	しゃくなげ圏域の介護サービス事業所等（か所）	南比都佐地区/通所介護	1		honpen p.46	✓	auto:ai	2026-10-10	
77ba96e5033ea0da	service	16	table	しゃくなげ圏域の介護サービス事業所等（か所）	南比都佐地区/介護3施設（特養・老健・療養）	1		honpen p.46	✓	auto:ai	2026-10-10	
0ce195d475172ad4	service	16	table	しゃくなげ圏域の介護サービス事業所等（か所）	南比都佐地区/養護老人ホーム・ケアハウス	1		honpen p.46	✓	auto:ai	2026-10-10	
52a0d4cd61bd48d1	service	16	table	しゃくなげ圏域の介護サービス事業所等（か所）	必佐地区/居宅介護支援事業所	1		honpen p.46	✓	auto:ai	2026-10-10	
b7fdd8550db2979e	service	16	table	しゃくなげ圏域の介護サービス事業所等（か所）	必佐地区/訪問介護	1		honpen p.46	✓	auto:ai	2026-10-10	
a4a07719ad88a390	service	16	table	しゃくなげ圏域の介護サービス事業所等（か所）	必佐地区/認知症対応型通所介護	1		honpen p.46	✓	auto:ai	2026-10-10	
9e025077f9e0d3fa	service	16	table	しゃくなげ圏域の介護サービス事業所等（か所）	圏域計/居宅介護支援事業所	1		honpen p.46	✓	auto:ai	2026-10-10	
4fd56e84a44346b7	service	16	table	しゃくなげ圏域の介護サービス事業所等（か所）	圏域計/訪問介護	1		honpen p.46	✓	auto:ai	2026-10-10	
06f766d4eb86940c	service	16	table	しゃくなげ圏域の介護サービス事業所等（か所）	圏域計/通所介護	1		honpen p.46	✓	auto:ai	2026-10-10	
510ff22f637c5f46	service	16	table	しゃくなげ圏域の介護サービス事業所等（か所）	圏域計/通所リハ	0		honpen p.46	✓	auto:ai	2026-10-10	
1759e6f14c89005a	service	16	table	しゃくなげ圏域の介護サービス事業所等（か所）	圏域計/介護3施設（特養・老健・療養）	1		honpen p.46	✓	auto:ai	2026-10-10	
057140df7aec5c0d	service	16	table	しゃくなげ圏域の介護サービス事業所等（か所）	圏域計/養護老人ホーム・ケアハウス	1		honpen p.46	✓	auto:ai	2026-10-10	要人確認:H4 難しさ6点
c542d5e8645ac9bc	service	16	table	しゃくなげ圏域の介護サービス事業所等（か所）	圏域計/地域密着型通所介護	0		honpen p.46	✓	auto:ai	2026-10-10	
f16f2e1e7263ef7f	service	16	table	しゃくなげ圏域の介護サービス事業所等（か所）	圏域計/認知症対応型通所介護	1		honpen p.46	✓	auto:ai	2026-10-10	
57002523d6b17b14	service	16	table	しゃくなげ圏域の介護サービス事業所等（か所）	圏域計/小規模多機能型居宅介護	0		honpen p.46	✓	auto:ai	2026-10-10	
4e42e96082d15535	service	16	table	しゃくなげ圏域の介護サービス事業所等（か所）	圏域計/認知症対応型共同生活介護	0		honpen p.46	✓	auto:ai	2026-10-10	
3a942b38f13d9e05	service	20	table	予防給付（要支援1・2）の利用量	介護予防訪問看護（回数）/R3	27.6		honpen p.51	✓	auto:pdftext	2026-10-10	
d4fc21cab8fb082f	service	20	table	予防給付（要支援1・2）の利用量	介護予防訪問看護（回数）/R4	41.4		honpen p.51	✓	auto:pdftext	2026-10-10	
54002a7cbb641dc9	service	20	table	予防給付（要支援1・2）の利用量	介護予防訪問看護（回数）/R5	45.6		honpen p.51	✓	auto:pdftext	2026-10-10	
f2082af9dd60a648	service	20	table	予防給付（要支援1・2）の利用量	介護予防訪問看護（回数）/R6	57.7		honpen p.51	✓	auto:pdftext	2026-10-10	
bd1fa4507dbfa4d2	service	20	table	予防給付（要支援1・2）の利用量	介護予防訪問看護（回数）/R7	57.7		honpen p.51	✓	auto:pdftext	2026-10-10	
4d5e611c63052428	service	20	table	予防給付（要支援1・2）の利用量	介護予防訪問看護（回数）/R8	57.7		honpen p.51	✓	auto:pdftext	2026-10-10	
55cdcc923ce67737	service	20	table	予防給付（要支援1・2）の利用量	介護予防訪問看護（回数）/R22	63.4		honpen p.51	✓	auto:ai	2026-10-10	
5cc11be7fc183477	service	20	table	予防給付（要支援1・2）の利用量	介護予防訪問看護（人数）/R3	4		honpen p.51	✓	auto:ai	2026-10-10	
e6dfdc1d5598ee0f	service	20	table	予防給付（要支援1・2）の利用量	介護予防訪問看護（人数）/R4	6		honpen p.51	✓	auto:pdftext	2026-10-10	
301c6b8d19b33993	service	20	table	予防給付（要支援1・2）の利用量	介護予防訪問看護（人数）/R5	8		honpen p.51	✓	auto:pdftext	2026-10-10	
a429482f57548334	service	20	table	予防給付（要支援1・2）の利用量	介護予防訪問看護（人数）/R6	10		honpen p.51	✓	auto:pdftext	2026-10-10	
567efbab1480ec17	service	20	table	予防給付（要支援1・2）の利用量	介護予防訪問看護（人数）/R7	10		honpen p.51	✓	auto:pdftext	2026-10-10	
759fcee8715370dd	service	20	table	予防給付（要支援1・2）の利用量	介護予防訪問看護（人数）/R8	10		honpen p.51	✓	auto:pdftext	2026-10-10	
b1c9beca710d8908	service	20	table	予防給付（要支援1・2）の利用量	介護予防訪問看護（人数）/R22	11		honpen p.51	✓	auto:ai	2026-10-10	
a56d8224cd66c692	service	20	table	予防給付（要支援1・2）の利用量	介護予防訪問リハビリテーション（回数）/R3	37.0		honpen p.51	✓	auto:pdftext	2026-10-10	
d2195616ae3524fa	service	20	table	予防給付（要支援1・2）の利用量	介護予防訪問リハビリテーション（回数）/R4	15.3		honpen p.51	✓	auto:pdftext	2026-10-10	
f521b5a8e2bc7e63	service	20	table	予防給付（要支援1・2）の利用量	介護予防訪問リハビリテーション（回数）/R5	0.0		honpen p.51	✓	auto:pdftext	2026-10-10	
8897ae9914050c1e	service	20	table	予防給付（要支援1・2）の利用量	介護予防訪問リハビリテーション（回数）/R6	17.6		honpen p.51	✓	auto:pdftext	2026-10-10	
236ecac906c8642e	service	20	table	予防給付（要支援1・2）の利用量	介護予防訪問リハビリテーション（回数）/R7	17.6		honpen p.51	✓	auto:pdftext	2026-10-10	
05b834dbfa695747	service	20	table	予防給付（要支援1・2）の利用量	介護予防訪問リハビリテーション（回数）/R8	17.6		honpen p.51	✓	auto:pdftext	2026-10-10	
8aa4b4beaf41e059	service	20	table	予防給付（要支援1・2）の利用量	介護予防訪問リハビリテーション（回数）/R22	17.6		honpen p.51	✓	auto:ai	2026-10-10	
187ca0053fdae8cb	service	20	table	予防給付（要支援1・2）の利用量	介護予防訪問リハビリテーション（人数）/R3	4		honpen p.51	✓	auto:ai	2026-10-10	
74a6e255b0c95345	service	20	table	予防給付（要支援1・2）の利用量	介護予防訪問リハビリテーション（人数）/R4	2		honpen p.51	✓	auto:pdftext	2026-10-10	
c6da28c7247ef335	service	20	table	予防給付（要支援1・2）の利用量	介護予防訪問リハビリテーション（人数）/R5	0		honpen p.51	✓	auto:pdftext	2026-10-10	
1893bba6ba03d78b	service	20	table	予防給付（要支援1・2）の利用量	介護予防訪問リハビリテーション（人数）/R6	2		honpen p.51	✓	auto:pdftext	2026-10-10	
af3584d808557780	service	20	table	予防給付（要支援1・2）の利用量	介護予防訪問リハビリテーション（人数）/R7	2		honpen p.51	✓	auto:pdftext	2026-10-10	
8729c963ac4b071f	service	20	table	予防給付（要支援1・2）の利用量	介護予防訪問リハビリテーション（人数）/R8	2		honpen p.51	✓	auto:pdftext	2026-10-10	
b384cd0119531089	service	20	table	予防給付（要支援1・2）の利用量	介護予防訪問リハビリテーション（人数）/R22	2		honpen p.51	✓	auto:pdftext	2026-10-10	
4270eb10c1b3db4f	service	20	table	予防給付（要支援1・2）の利用量	介護予防居宅療養管理指導（人数）/R3	2		honpen p.51	✓	auto:ai	2026-10-10	
b8a990f8212505de	service	20	table	予防給付（要支援1・2）の利用量	介護予防居宅療養管理指導（人数）/R4	5		honpen p.51	✓	auto:ai	2026-10-10	
4ae8461a17fa3803	service	20	table	予防給付（要支援1・2）の利用量	介護予防居宅療養管理指導（人数）/R5	4		honpen p.51	✓	auto:ai	2026-10-10	
e9a4a355eaabd3a5	service	20	table	予防給付（要支援1・2）の利用量	介護予防居宅療養管理指導（人数）/R6	4		honpen p.51	✓	auto:ai	2026-10-10	
4881724dada2167f	service	20	table	予防給付（要支援1・2）の利用量	介護予防居宅療養管理指導（人数）/R7	4		honpen p.51	✓	auto:ai	2026-10-10	
9797fc0fad802dba	service	20	table	予防給付（要支援1・2）の利用量	介護予防居宅療養管理指導（人数）/R8	4		honpen p.51	✓	auto:ai	2026-10-10	
ad1a19a3d9650ac1	service	20	table	予防給付（要支援1・2）の利用量	介護予防居宅療養管理指導（人数）/R22	4		honpen p.51	✓	auto:pdftext	2026-10-10	
529f700d19428d63	service	20	table	予防給付（要支援1・2）の利用量	介護予防通所リハビリテーション（人数）/R3	13		honpen p.51	✓	auto:ai	2026-10-10	
632ad65b45e00f8d	service	20	table	予防給付（要支援1・2）の利用量	介護予防通所リハビリテーション（人数）/R4	11		honpen p.51	✓	auto:ai	2026-10-10	
9e362b1fe21e2409	service	20	table	予防給付（要支援1・2）の利用量	介護予防通所リハビリテーション（人数）/R5	13		honpen p.51	✓	auto:ai	2026-10-10	
17fce9b407d90f94	service	20	table	予防給付（要支援1・2）の利用量	介護予防通所リハビリテーション（人数）/R6	15		honpen p.51	✓	auto:ai	2026-10-10	
d72c51c94a6121e8	service	20	table	予防給付（要支援1・2）の利用量	介護予防通所リハビリテーション（人数）/R7	15		honpen p.51	✓	auto:ai	2026-10-10	
036f88c3daf4d921	service	20	table	予防給付（要支援1・2）の利用量	介護予防通所リハビリテーション（人数）/R8	15		honpen p.51	✓	auto:ai	2026-10-10	
4b641e07857be077	service	20	table	予防給付（要支援1・2）の利用量	介護予防通所リハビリテーション（人数）/R22	16		honpen p.51	✓	auto:ai	2026-10-10	
c9346bf7cfb2daee	service	20	table	予防給付（要支援1・2）の利用量	介護予防短期入所生活介護（日数）/R3	0.9		honpen p.51	✓	auto:ai	2026-10-10	
4d98290f0169c868	service	20	table	予防給付（要支援1・2）の利用量	介護予防短期入所生活介護（日数）/R4	2.8		honpen p.51	✓	auto:ai	2026-10-10	
2254f6c4fc4d1670	service	20	table	予防給付（要支援1・2）の利用量	介護予防短期入所生活介護（日数）/R5	3.9		honpen p.51	✓	auto:ai	2026-10-10	
1f61608c2970741e	service	20	table	予防給付（要支援1・2）の利用量	介護予防短期入所生活介護（日数）/R6	4.1		honpen p.51	✓	auto:ai	2026-10-10	
25e62826fb8cfbee	service	20	table	予防給付（要支援1・2）の利用量	介護予防短期入所生活介護（日数）/R7	4.1		honpen p.51	✓	auto:ai	2026-10-10	
cd26e8ef5816dd8f	service	20	table	予防給付（要支援1・2）の利用量	介護予防短期入所生活介護（日数）/R8	4.1		honpen p.51	✓	auto:ai	2026-10-10	
1efd96cbbe5281c0	service	20	table	予防給付（要支援1・2）の利用量	介護予防短期入所生活介護（日数）/R22	4.1		honpen p.51	✓	auto:ai	2026-10-10	
cb6de88f27d75960	service	20	table	予防給付（要支援1・2）の利用量	介護予防短期入所生活介護（人数）/R3	0		honpen p.51	✓	auto:ai	2026-10-10	
cd9e09790f11ca3b	service	20	table	予防給付（要支援1・2）の利用量	介護予防短期入所生活介護（人数）/R4	1		honpen p.51	✓	auto:ai	2026-10-10	
6cd6356dbda49f94	service	20	table	予防給付（要支援1・2）の利用量	介護予防短期入所生活介護（人数）/R5	1		honpen p.51	✓	auto:ai	2026-10-10	
ed81a6b8b58ac200	service	20	table	予防給付（要支援1・2）の利用量	介護予防短期入所生活介護（人数）/R6	1		honpen p.51	✓	auto:ai	2026-10-10	
a985aaf89c23bbd7	service	20	table	予防給付（要支援1・2）の利用量	介護予防短期入所生活介護（人数）/R7	1		honpen p.51	✓	auto:ai	2026-10-10	
23f7e134804d881d	service	20	table	予防給付（要支援1・2）の利用量	介護予防短期入所生活介護（人数）/R8	1		honpen p.51	✓	auto:ai	2026-10-10	
df6e0c0bb4964a07	service	20	table	予防給付（要支援1・2）の利用量	介護予防短期入所生活介護（人数）/R22	1		honpen p.51	✓	auto:ai	2026-10-10	
6a02b5620eb062fc	service	20	table	予防給付（要支援1・2）の利用量	介護予防短期入所療養介護（老健）（日数）/R3	2.1		honpen p.51	✓	auto:ai	2026-10-10	
ef4340bfc92cc4f5	service	20	table	予防給付（要支援1・2）の利用量	介護予防短期入所療養介護（老健）（日数）/R4	0.0		honpen p.51	✓	auto:ai	2026-10-10	
4aec2a3fe583dcd3	service	20	table	予防給付（要支援1・2）の利用量	介護予防短期入所療養介護（老健）（日数）/R5	0.0		honpen p.51	✓	auto:ai	2026-10-10	
78475d62b619847f	service	20	table	予防給付（要支援1・2）の利用量	介護予防短期入所療養介護（老健）（日数）/R6	0.0		honpen p.51	✓	auto:ai	2026-10-10	
61efcef569310678	service	20	table	予防給付（要支援1・2）の利用量	介護予防短期入所療養介護（老健）（日数）/R7	0.0		honpen p.51	✓	auto:ai	2026-10-10	
3634e0f537788bd2	service	20	table	予防給付（要支援1・2）の利用量	介護予防短期入所療養介護（老健）（日数）/R8	0.0		honpen p.51	✓	auto:ai	2026-10-10	
abd0598b696456c5	service	20	table	予防給付（要支援1・2）の利用量	介護予防短期入所療養介護（老健）（日数）/R22	0.0		honpen p.51	✓	auto:ai	2026-10-10	
d6b69dd5510ef446	service	20	table	予防給付（要支援1・2）の利用量	介護予防福祉用具貸与（人数）/R3	103		honpen p.51	✓	auto:ai	2026-10-10	
a67986c5033c289e	service	20	table	予防給付（要支援1・2）の利用量	介護予防福祉用具貸与（人数）/R4	98		honpen p.51	✓	auto:ai	2026-10-10	
117083fa46f78486	service	20	table	予防給付（要支援1・2）の利用量	介護予防福祉用具貸与（人数）/R5	96		honpen p.51	✓	auto:ai	2026-10-10	
392650b855c58bbc	service	20	table	予防給付（要支援1・2）の利用量	介護予防福祉用具貸与（人数）/R6	98		honpen p.51	✓	auto:ai	2026-10-10	
74429522dccf0614	service	20	table	予防給付（要支援1・2）の利用量	介護予防福祉用具貸与（人数）/R7	101		honpen p.51	✓	auto:ai	2026-10-10	
1e9e10769e4c368d	service	20	table	予防給付（要支援1・2）の利用量	介護予防福祉用具貸与（人数）/R8	102		honpen p.51	✓	auto:ai	2026-10-10	
4eccf35e487594c9	service	20	table	予防給付（要支援1・2）の利用量	介護予防福祉用具貸与（人数）/R22	111		honpen p.51	✓	auto:ai	2026-10-10	
26710e1349d8878f	service	20	table	予防給付（要支援1・2）の利用量	特定介護予防福祉用具購入費（人数）/R3	2		honpen p.51	✓	auto:ai	2026-10-10	
f8bc838ce37a1300	service	20	table	予防給付（要支援1・2）の利用量	特定介護予防福祉用具購入費（人数）/R4	2		honpen p.51	✓	auto:ai	2026-10-10	
dd6de93e539a9732	service	20	table	予防給付（要支援1・2）の利用量	特定介護予防福祉用具購入費（人数）/R5	1		honpen p.51	✓	auto:ai	2026-10-10	
2501e8763feb7aa8	service	20	table	予防給付（要支援1・2）の利用量	特定介護予防福祉用具購入費（人数）/R6	3		honpen p.51	✓	auto:ai	2026-10-10	
54c70b360cb136c8	service	20	table	予防給付（要支援1・2）の利用量	特定介護予防福祉用具購入費（人数）/R7	3		honpen p.51	✓	auto:ai	2026-10-10	
124cf5dce1e6c550	service	20	table	予防給付（要支援1・2）の利用量	特定介護予防福祉用具購入費（人数）/R8	3		honpen p.51	✓	auto:ai	2026-10-10	
1c9e3a545175306b	service	20	table	予防給付（要支援1・2）の利用量	特定介護予防福祉用具購入費（人数）/R22	3		honpen p.51	✓	auto:ai	2026-10-10	
a7158a691c5e9215	service	20	table	予防給付（要支援1・2）の利用量	介護予防住宅改修（人数）/R3	1		honpen p.51	✓	auto:ai	2026-10-10	
988d6573e62433c4	service	20	table	予防給付（要支援1・2）の利用量	介護予防住宅改修（人数）/R4	1		honpen p.51	✓	auto:ai	2026-10-10	
7a20b0c9ac7bc04a	service	20	table	予防給付（要支援1・2）の利用量	介護予防住宅改修（人数）/R5	1		honpen p.51	✓	auto:ai	2026-10-10	
8de5f10d485e2a0a	service	20	table	予防給付（要支援1・2）の利用量	介護予防住宅改修（人数）/R6	1		honpen p.51	✓	auto:ai	2026-10-10	
d5b12c5b3c59c559	service	20	table	予防給付（要支援1・2）の利用量	介護予防住宅改修（人数）/R7	2		honpen p.51	✓	auto:ai	2026-10-10	
8805f20f7982a626	service	20	table	予防給付（要支援1・2）の利用量	介護予防住宅改修（人数）/R8	2		honpen p.51	✓	auto:ai	2026-10-10	
25a0adf0129721d1	service	20	table	予防給付（要支援1・2）の利用量	介護予防住宅改修（人数）/R22	2		honpen p.51	✓	auto:ai	2026-10-10	
5ec9f34149fe98c3	service	20	table	予防給付（要支援1・2）の利用量	介護予防認知症対応型通所介護（回数）/R3	5.8		honpen p.51	✓	auto:ai	2026-10-10	
03457cb82370785d	service	20	table	予防給付（要支援1・2）の利用量	介護予防認知症対応型通所介護（回数）/R4	4.7		honpen p.51	✓	auto:ai	2026-10-10	
ad19b3d2b930d9bf	service	20	table	予防給付（要支援1・2）の利用量	介護予防認知症対応型通所介護（回数）/R5	3.3		honpen p.51	✓	auto:ai	2026-10-10	
5f91c1e9f87cd44b	service	20	table	予防給付（要支援1・2）の利用量	介護予防認知症対応型通所介護（回数）/R6	7.3		honpen p.51	✓	auto:ai	2026-10-10	
94e51a786e3e6848	service	20	table	予防給付（要支援1・2）の利用量	介護予防認知症対応型通所介護（回数）/R7	7.3		honpen p.51	✓	auto:ai	2026-10-10	
07357e72944b1f15	service	20	table	予防給付（要支援1・2）の利用量	介護予防認知症対応型通所介護（回数）/R8	7.3		honpen p.51	✓	auto:ai	2026-10-10	要人確認:H4 難しさ3点
f2ded9358e2878ec	service	20	table	予防給付（要支援1・2）の利用量	介護予防認知症対応型通所介護（回数）/R22	7.3		honpen p.51	✓	auto:ai	2026-10-10	
83ce2e4bd8334174	service	20	table	予防給付（要支援1・2）の利用量	介護予防認知症対応型通所介護（人数）/R3	2		honpen p.51	✓	auto:ai	2026-10-10	
54ce6fc6b9a203e3	service	20	table	予防給付（要支援1・2）の利用量	介護予防認知症対応型通所介護（人数）/R4	1		honpen p.51	✓	auto:ai	2026-10-10	
f6d74237d69b90e0	service	20	table	予防給付（要支援1・2）の利用量	介護予防認知症対応型通所介護（人数）/R5	1		honpen p.51	✓	auto:ai	2026-10-10	
b86303ac8ca3a01c	service	20	table	予防給付（要支援1・2）の利用量	介護予防認知症対応型通所介護（人数）/R6	2		honpen p.51	✓	auto:ai	2026-10-10	
e0efa739bb81dbd8	service	20	table	予防給付（要支援1・2）の利用量	介護予防認知症対応型通所介護（人数）/R7	2		honpen p.51	✓	auto:ai	2026-10-10	
785db53e24c6af73	service	20	table	予防給付（要支援1・2）の利用量	介護予防認知症対応型通所介護（人数）/R8	2		honpen p.51	✓	auto:ai	2026-10-10	
d124ac172969b26b	service	20	table	予防給付（要支援1・2）の利用量	介護予防認知症対応型通所介護（人数）/R22	2		honpen p.51	✓	auto:ai	2026-10-10	
101f2ecd13b9b2c1	service	20	table	予防給付（要支援1・2）の利用量	介護予防小規模多機能型居宅介護（人数）/R3	5		honpen p.51	✓	auto:ai	2026-10-10	
d3e5c2e04f8ae77c	service	20	table	予防給付（要支援1・2）の利用量	介護予防小規模多機能型居宅介護（人数）/R4	4		honpen p.51	✓	auto:ai	2026-10-10	
6e73334cc181e479	service	20	table	予防給付（要支援1・2）の利用量	介護予防小規模多機能型居宅介護（人数）/R5	2		honpen p.51	✓	auto:ai	2026-10-10	
24d905650bbe19ff	service	20	table	予防給付（要支援1・2）の利用量	介護予防小規模多機能型居宅介護（人数）/R6	3		honpen p.51	✓	auto:ai	2026-10-10	
82b6a32f1c737add	service	20	table	予防給付（要支援1・2）の利用量	介護予防小規模多機能型居宅介護（人数）/R7	3		honpen p.51	✓	auto:ai	2026-10-10	
0b082e4feed22795	service	20	table	予防給付（要支援1・2）の利用量	介護予防小規模多機能型居宅介護（人数）/R8	3		honpen p.51	✓	auto:ai	2026-10-10	
d23a54b8f8515e53	service	20	table	予防給付（要支援1・2）の利用量	介護予防小規模多機能型居宅介護（人数）/R22	3		honpen p.51	✓	auto:ai	2026-10-10	
ec1ac54c188b36e1	service	20	table	予防給付（要支援1・2）の利用量	介護予防支援（人数）/R3	104		honpen p.51	✓	auto:ai	2026-10-10	
669d9cfc4ebd13cc	service	20	table	予防給付（要支援1・2）の利用量	介護予防支援（人数）/R4	110		honpen p.51	✓	auto:ai	2026-10-10	
68ad7b433e35ff95	service	20	table	予防給付（要支援1・2）の利用量	介護予防支援（人数）/R5	110		honpen p.51	✓	auto:ai	2026-10-10	
1cf51e5bee09a232	service	20	table	予防給付（要支援1・2）の利用量	介護予防支援（人数）/R6	120		honpen p.51	✓	auto:ai	2026-10-10	
537fca22e45e9373	service	20	table	予防給付（要支援1・2）の利用量	介護予防支援（人数）/R7	123		honpen p.51	✓	auto:ai	2026-10-10	
663e911ca1ae17a5	service	20	table	予防給付（要支援1・2）の利用量	介護予防支援（人数）/R8	123		honpen p.51	✓	auto:ai	2026-10-10	
cd44b5a50525e35c	service	20	table	予防給付（要支援1・2）の利用量	介護予防支援（人数）/R22	132		honpen p.51	✓	auto:ai	2026-10-10	
2df9f49254c46980	service	21	table	介護給付（要介護1〜5）の利用量	訪問介護（回数）/R3	3297.6		honpen p.52	✓	auto:pdftext	2026-10-10	
a6797c720472219b	service	21	table	介護給付（要介護1〜5）の利用量	訪問介護（回数）/R4	3573.6		honpen p.52	✓	auto:pdftext	2026-10-10	
59ceadd7129964bd	service	21	table	介護給付（要介護1〜5）の利用量	訪問介護（回数）/R5	3700.7		honpen p.52	✓	auto:pdftext	2026-10-10	
c6154d3788988fd7	service	21	table	介護給付（要介護1〜5）の利用量	訪問介護（回数）/R6	3964.9		honpen p.52	✓	auto:pdftext	2026-10-10	
2a15dd3174fa7617	service	21	table	介護給付（要介護1〜5）の利用量	訪問介護（回数）/R7	4110.6		honpen p.52	✓	auto:pdftext	2026-10-10	
4dfcd89ae397362d	service	21	table	介護給付（要介護1〜5）の利用量	訪問介護（回数）/R8	4234.2		honpen p.52	✓	auto:pdftext	2026-10-10	
52220e064e5a6173	service	21	table	介護給付（要介護1〜5）の利用量	訪問介護（回数）/R22	4558.3		honpen p.52	✓	auto:ai	2026-10-10	
368b183fec322d5c	service	21	table	介護給付（要介護1〜5）の利用量	訪問介護（人数）/R3	162		honpen p.52	✓	auto:pdftext	2026-10-10	
1986b0fd2737c1cc	service	21	table	介護給付（要介護1〜5）の利用量	訪問介護（人数）/R4	169		honpen p.52	✓	auto:pdftext	2026-10-10	
70d6054396069f92	service	21	table	介護給付（要介護1〜5）の利用量	訪問介護（人数）/R5	164		honpen p.52	✓	auto:pdftext	2026-10-10	
1819e60acff6a48c	service	21	table	介護給付（要介護1〜5）の利用量	訪問介護（人数）/R6	173		honpen p.52	✓	auto:pdftext	2026-10-10	
53d6f38b15d7ab1d	service	21	table	介護給付（要介護1〜5）の利用量	訪問介護（人数）/R7	182		honpen p.52	✓	auto:pdftext	2026-10-10	
eafd72d79534415d	service	21	table	介護給付（要介護1〜5）の利用量	訪問介護（人数）/R8	187		honpen p.52	✓	auto:pdftext	2026-10-10	
ca7b4b956708cc7e	service	21	table	介護給付（要介護1〜5）の利用量	訪問介護（人数）/R22	203		honpen p.52	✓	auto:pdftext	2026-10-10	
ac3114ea3714f3e9	service	21	table	介護給付（要介護1〜5）の利用量	訪問入浴介護（回数）/R3	91.5		honpen p.52	✓	auto:pdftext	2026-10-10	
dde29e9953e38c93	service	21	table	介護給付（要介護1〜5）の利用量	訪問入浴介護（回数）/R4	96.1		honpen p.52	✓	auto:pdftext	2026-10-10	
33b13e6f3d050e49	service	21	table	介護給付（要介護1〜5）の利用量	訪問入浴介護（回数）/R5	111.2		honpen p.52	✓	auto:pdftext	2026-10-10	
1cd3640c702573dd	service	21	table	介護給付（要介護1〜5）の利用量	訪問入浴介護（回数）/R6	120.0		honpen p.52	✓	auto:pdftext	2026-10-10	
4eac896d7100018d	service	21	table	介護給付（要介護1〜5）の利用量	訪問入浴介護（回数）/R7	121.9		honpen p.52	✓	auto:pdftext	2026-10-10	
e1f484784cf26e82	service	21	table	介護給付（要介護1〜5）の利用量	訪問入浴介護（回数）/R8	121.9		honpen p.52	✓	auto:pdftext	2026-10-10	
e1635b8b23bc0022	service	21	table	介護給付（要介護1〜5）の利用量	訪問入浴介護（回数）/R22	127.5		honpen p.52	✓	auto:ai	2026-10-10	
426fbd35bbe73bfe	service	21	table	介護給付（要介護1〜5）の利用量	訪問入浴介護（人数）/R3	16		honpen p.52	✓	auto:ai	2026-10-10	
9ca0bfda2af479f1	service	21	table	介護給付（要介護1〜5）の利用量	訪問入浴介護（人数）/R4	17		honpen p.52	✓	auto:pdftext	2026-10-10	
5c425bd2243bb5e4	service	21	table	介護給付（要介護1〜5）の利用量	訪問入浴介護（人数）/R5	21		honpen p.52	✓	auto:pdftext	2026-10-10	
088ce22e58106a35	service	21	table	介護給付（要介護1〜5）の利用量	訪問入浴介護（人数）/R6	23		honpen p.52	✓	auto:pdftext	2026-10-10	
262deb2ea191dc46	service	21	table	介護給付（要介護1〜5）の利用量	訪問入浴介護（人数）/R7	23		honpen p.52	✓	auto:pdftext	2026-10-10	
7db15b1a970d01ee	service	21	table	介護給付（要介護1〜5）の利用量	訪問入浴介護（人数）/R8	23		honpen p.52	✓	auto:pdftext	2026-10-10	
d503a95c66ccdeb1	service	21	table	介護給付（要介護1〜5）の利用量	訪問入浴介護（人数）/R22	24		honpen p.52	✓	auto:pdftext	2026-10-10	
d452d68bd5af49a8	service	21	table	介護給付（要介護1〜5）の利用量	訪問看護（回数）/R3	396.8		honpen p.52	✓	auto:pdftext	2026-10-10	
6d46c3109d444cbf	service	21	table	介護給付（要介護1〜5）の利用量	訪問看護（回数）/R4	416.5		honpen p.52	✓	auto:pdftext	2026-10-10	
4dfc9d88a6b89c69	service	21	table	介護給付（要介護1〜5）の利用量	訪問看護（回数）/R5	544.9		honpen p.52	✓	auto:pdftext	2026-10-10	
b4c0bf04fad45cba	service	21	table	介護給付（要介護1〜5）の利用量	訪問看護（回数）/R6	599.1		honpen p.52	✓	auto:pdftext	2026-10-10	
4ad37b62ce50b991	service	21	table	介護給付（要介護1〜5）の利用量	訪問看護（回数）/R7	606.5		honpen p.52	✓	auto:pdftext	2026-10-10	
42b890bcec47bd9e	service	21	table	介護給付（要介護1〜5）の利用量	訪問看護（回数）/R8	611.0		honpen p.52	✓	auto:pdftext	2026-10-10	
0f062ab21b8e2073	service	21	table	介護給付（要介護1〜5）の利用量	訪問看護（回数）/R22	655.4		honpen p.52	✓	auto:ai	2026-10-10	
d65dbdd16490a055	service	21	table	介護給付（要介護1〜5）の利用量	訪問看護（人数）/R3	59		honpen p.52	✓	auto:ai	2026-10-10	
380508f955098be3	service	21	table	介護給付（要介護1〜5）の利用量	訪問看護（人数）/R4	62		honpen p.52	✓	auto:pdftext	2026-10-10	
6083613cfc9a957f	service	21	table	介護給付（要介護1〜5）の利用量	訪問看護（人数）/R5	76		honpen p.52	✓	auto:pdftext	2026-10-10	
fcffa29b82441602	service	21	table	介護給付（要介護1〜5）の利用量	訪問看護（人数）/R6	83		honpen p.52	✓	auto:pdftext	2026-10-10	
f5aadfddea7de654	service	21	table	介護給付（要介護1〜5）の利用量	訪問看護（人数）/R7	83		honpen p.52	✓	auto:pdftext	2026-10-10	
8b970727c61f4af1	service	21	table	介護給付（要介護1〜5）の利用量	訪問看護（人数）/R8	84		honpen p.52	✓	auto:pdftext	2026-10-10	
df7af95836890233	service	21	table	介護給付（要介護1〜5）の利用量	訪問看護（人数）/R22	89		honpen p.52	✓	auto:pdftext	2026-10-10	
1b14e7b462435520	service	21	table	介護給付（要介護1〜5）の利用量	訪問リハビリテーション（回数）/R3	264.3		honpen p.52	✓	auto:pdftext	2026-10-10	
bb1cd52399011d2e	service	21	table	介護給付（要介護1〜5）の利用量	訪問リハビリテーション（回数）/R4	245.9		honpen p.52	✓	auto:pdftext	2026-10-10	
e7c6c93f2c34499c	service	21	table	介護給付（要介護1〜5）の利用量	訪問リハビリテーション（回数）/R5	263.9		honpen p.52	✓	auto:pdftext	2026-10-10	
f4cd9fc30d2b21e1	service	21	table	介護給付（要介護1〜5）の利用量	訪問リハビリテーション（回数）/R6	283.4		honpen p.52	✓	auto:pdftext	2026-10-10	
3068a6f32e8107b3	service	21	table	介護給付（要介護1〜5）の利用量	訪問リハビリテーション（回数）/R7	283.4		honpen p.52	✓	auto:pdftext	2026-10-10	
f220395d79aeabf4	service	21	table	介護給付（要介護1〜5）の利用量	訪問リハビリテーション（回数）/R8	292.1		honpen p.52	✓	auto:pdftext	2026-10-10	
966feb539e1d0a69	service	21	table	介護給付（要介護1〜5）の利用量	訪問リハビリテーション（回数）/R22	311.6		honpen p.52	✓	auto:ai	2026-10-10	
fd154f51a50ef03c	service	21	table	介護給付（要介護1〜5）の利用量	訪問リハビリテーション（人数）/R3	23		honpen p.52	✓	auto:ai	2026-10-10	
8a892680dc58a75e	service	21	table	介護給付（要介護1〜5）の利用量	訪問リハビリテーション（人数）/R4	22		honpen p.52	✓	auto:ai	2026-10-10	
4bae39e9e521e9f9	service	21	table	介護給付（要介護1〜5）の利用量	訪問リハビリテーション（人数）/R5	25		honpen p.52	✓	auto:ai	2026-10-10	
4698f306e439e768	service	21	table	介護給付（要介護1〜5）の利用量	訪問リハビリテーション（人数）/R6	27		honpen p.52	✓	auto:ai	2026-10-10	
9455d87090af2e0b	service	21	table	介護給付（要介護1〜5）の利用量	訪問リハビリテーション（人数）/R7	27		honpen p.52	✓	auto:ai	2026-10-10	
ea4b6ab99eee8f96	service	21	table	介護給付（要介護1〜5）の利用量	訪問リハビリテーション（人数）/R8	28		honpen p.52	✓	auto:ai	2026-10-10	
e7ba7973d5c66c61	service	21	table	介護給付（要介護1〜5）の利用量	訪問リハビリテーション（人数）/R22	30		honpen p.52	✓	auto:ai	2026-10-10	
8fb3e8b5ab82f335	service	21	table	介護給付（要介護1〜5）の利用量	居宅療養管理指導（人数）/R3	34		honpen p.52	✓	auto:ai	2026-10-10	
869f7a746cb08de6	service	21	table	介護給付（要介護1〜5）の利用量	居宅療養管理指導（人数）/R4	39		honpen p.52	✓	auto:ai	2026-10-10	
fdb023e21ceef34f	service	21	table	介護給付（要介護1〜5）の利用量	居宅療養管理指導（人数）/R5	55		honpen p.52	✓	auto:ai	2026-10-10	
74010c44bbaee5d7	service	21	table	介護給付（要介護1〜5）の利用量	居宅療養管理指導（人数）/R6	58		honpen p.52	✓	auto:ai	2026-10-10	
04fb4ccecfeb3067	service	21	table	介護給付（要介護1〜5）の利用量	居宅療養管理指導（人数）/R7	59		honpen p.52	✓	auto:ai	2026-10-10	
a83951074a573b87	service	21	table	介護給付（要介護1〜5）の利用量	居宅療養管理指導（人数）/R8	60		honpen p.52	✓	auto:ai	2026-10-10	
4e342a82f94a2795	service	21	table	介護給付（要介護1〜5）の利用量	居宅療養管理指導（人数）/R22	65		honpen p.52	✓	auto:ai	2026-10-10	
9f4e7709febafe33	service	21	table	介護給付（要介護1〜5）の利用量	通所介護（回数）/R3	2632.7		honpen p.52	✓	auto:ai	2026-10-10	
27281fa3d5e9096c	service	21	table	介護給付（要介護1〜5）の利用量	通所介護（回数）/R4	2502.2		honpen p.52	✓	auto:ai	2026-10-10	
f79bbaa65dc92896	service	21	table	介護給付（要介護1〜5）の利用量	通所介護（回数）/R5	2568.3		honpen p.52	✓	auto:ai	2026-10-10	
b6e96d2c6efcab0d	service	21	table	介護給付（要介護1〜5）の利用量	通所介護（回数）/R6	2914.9		honpen p.52	✓	auto:ai	2026-10-10	
2583b9fe38c5d553	service	21	table	介護給付（要介護1〜5）の利用量	通所介護（回数）/R7	2949.5		honpen p.52	✓	auto:ai	2026-10-10	
2e8ed63c766e834b	service	21	table	介護給付（要介護1〜5）の利用量	通所介護（回数）/R8	2999.0		honpen p.52	✓	auto:ai	2026-10-10	
4a4fff3558f05e56	service	21	table	介護給付（要介護1〜5）の利用量	通所介護（回数）/R22	3301.2		honpen p.52	✓	auto:ai	2026-10-10	
eab5e7a49ad9716a	service	21	table	介護給付（要介護1〜5）の利用量	通所介護（人数）/R3	263		honpen p.52	✓	auto:ai	2026-10-10	
d1854b37f8e89575	service	21	table	介護給付（要介護1〜5）の利用量	通所介護（人数）/R4	265		honpen p.52	✓	auto:ai	2026-10-10	
f3b9e95386b2593d	service	21	table	介護給付（要介護1〜5）の利用量	通所介護（人数）/R5	235		honpen p.52	✓	auto:ai	2026-10-10	
2ba004d75840f88b	service	21	table	介護給付（要介護1〜5）の利用量	通所介護（人数）/R6	266		honpen p.52	✓	auto:ai	2026-10-10	
47dbccbb93a454ad	service	21	table	介護給付（要介護1〜5）の利用量	通所介護（人数）/R7	269		honpen p.52	✓	auto:ai	2026-10-10	
2b822d4f44c55a01	service	21	table	介護給付（要介護1〜5）の利用量	通所介護（人数）/R8	273		honpen p.52	✓	auto:ai	2026-10-10	
09b5775886af221e	service	21	table	介護給付（要介護1〜5）の利用量	通所介護（人数）/R22	301		honpen p.52	✓	auto:ai	2026-10-10	
f454a18ef37e80c0	service	21	table	介護給付（要介護1〜5）の利用量	通所リハビリテーション（回数）/R3	643.7		honpen p.52	✓	auto:ai	2026-10-10	
4e2b724d4c7d42ea	service	21	table	介護給付（要介護1〜5）の利用量	通所リハビリテーション（回数）/R4	504.1		honpen p.52	✓	auto:ai	2026-10-10	
1c8b7850e5bacba0	service	21	table	介護給付（要介護1〜5）の利用量	通所リハビリテーション（回数）/R5	481.2		honpen p.52	✓	auto:ai	2026-10-10	
07bcb68e3ae9bb84	service	21	table	介護給付（要介護1〜5）の利用量	通所リハビリテーション（回数）/R6	494.3		honpen p.52	✓	auto:ai	2026-10-10	
c0ac44b56fb98468	service	21	table	介護給付（要介護1〜5）の利用量	通所リハビリテーション（回数）/R7	538.5		honpen p.52	✓	auto:ai	2026-10-10	
fc9ae0d36b75ba00	service	21	table	介護給付（要介護1〜5）の利用量	通所リハビリテーション（回数）/R8	551.6		honpen p.52	✓	auto:ai	2026-10-10	
53ae13a0b13daf68	service	21	table	介護給付（要介護1〜5）の利用量	通所リハビリテーション（回数）/R22	596.9		honpen p.52	✓	auto:ai	2026-10-10	
aeeae7249e7f2605	service	21	table	介護給付（要介護1〜5）の利用量	通所リハビリテーション（人数）/R3	86		honpen p.52	✓	auto:ai	2026-10-10	
14bcf2bbdee0a0dd	service	21	table	介護給付（要介護1〜5）の利用量	通所リハビリテーション（人数）/R4	71		honpen p.52	✓	auto:ai	2026-10-10	
e059734afa0ff620	service	21	table	介護給付（要介護1〜5）の利用量	通所リハビリテーション（人数）/R5	68		honpen p.52	✓	auto:ai	2026-10-10	
0f17ff512b94864a	service	21	table	介護給付（要介護1〜5）の利用量	通所リハビリテーション（人数）/R6	70		honpen p.52	✓	auto:ai	2026-10-10	
52d373bff75dff7b	service	21	table	介護給付（要介護1〜5）の利用量	通所リハビリテーション（人数）/R7	76		honpen p.52	✓	auto:ai	2026-10-10	
087735f4be9f461f	service	21	table	介護給付（要介護1〜5）の利用量	通所リハビリテーション（人数）/R8	78		honpen p.52	✓	auto:ai	2026-10-10	
b09acd0f2046f4e8	service	21	table	介護給付（要介護1〜5）の利用量	通所リハビリテーション（人数）/R22	84		honpen p.52	✓	auto:ai	2026-10-10	
8351a4337384b735	service	21	table	介護給付（要介護1〜5）の利用量	短期入所生活介護（日数）/R3	732.7		honpen p.52	✓	auto:ai	2026-10-10	
9eebea32f63c772c	service	21	table	介護給付（要介護1〜5）の利用量	短期入所生活介護（日数）/R4	662.0		honpen p.52	✓	auto:ai	2026-10-10	
bea53106b69ac0c7	service	21	table	介護給付（要介護1〜5）の利用量	短期入所生活介護（日数）/R5	573.9		honpen p.52	✓	auto:ai	2026-10-10	
77302f7ef05fe8d0	service	21	table	介護給付（要介護1〜5）の利用量	短期入所生活介護（日数）/R6	573.8		honpen p.52	✓	auto:ai	2026-10-10	
dc1ec365f3c048d0	service	21	table	介護給付（要介護1〜5）の利用量	短期入所生活介護（日数）/R7	590.2		honpen p.52	✓	auto:ai	2026-10-10	
b9c3adc0be57a568	service	21	table	介護給付（要介護1〜5）の利用量	短期入所生活介護（日数）/R8	590.2		honpen p.52	✓	auto:ai	2026-10-10	
9f3936559cbec330	service	21	table	介護給付（要介護1〜5）の利用量	短期入所生活介護（日数）/R22	626.2		honpen p.52	✓	auto:ai	2026-10-10	
1e906353b70735eb	service	21	table	介護給付（要介護1〜5）の利用量	短期入所生活介護（人数）/R3	80		honpen p.52	✓	auto:ai	2026-10-10	
a9b2dd3bbb02cc24	service	21	table	介護給付（要介護1〜5）の利用量	短期入所生活介護（人数）/R4	72		honpen p.52	✓	auto:ai	2026-10-10	
7da92887c796e13a	service	21	table	介護給付（要介護1〜5）の利用量	短期入所生活介護（人数）/R5	80		honpen p.52	✓	auto:ai	2026-10-10	
89e4350fe8c7b89b	service	21	table	介護給付（要介護1〜5）の利用量	短期入所生活介護（人数）/R6	82		honpen p.52	✓	auto:ai	2026-10-10	
63da6869df311fbf	service	21	table	介護給付（要介護1〜5）の利用量	短期入所生活介護（人数）/R7	84		honpen p.52	✓	auto:ai	2026-10-10	
5c3714cc3d2d8262	service	21	table	介護給付（要介護1〜5）の利用量	短期入所生活介護（人数）/R8	84		honpen p.52	✓	auto:ai	2026-10-10	
ea894e75bf8870c0	service	21	table	介護給付（要介護1〜5）の利用量	短期入所生活介護（人数）/R22	91		honpen p.52	✓	auto:ai	2026-10-10	
3ee327353c86e3e5	service	21	table	介護給付（要介護1〜5）の利用量	短期入所療養介護（老健）（日数）/R3	228.3		honpen p.52	✓	auto:ai	2026-10-10	
0122dc15fb52ea87	service	21	table	介護給付（要介護1〜5）の利用量	短期入所療養介護（老健）（日数）/R4	147.3		honpen p.52	✓	auto:ai	2026-10-10	
0dcdb63ddc4cc238	service	21	table	介護給付（要介護1〜5）の利用量	短期入所療養介護（老健）（日数）/R5	122.0		honpen p.52	✓	auto:ai	2026-10-10	
eaf25e4730188804	service	21	table	介護給付（要介護1〜5）の利用量	短期入所療養介護（老健）（日数）/R6	122.0		honpen p.52	✓	auto:ai	2026-10-10	
f6f74cb81736abb8	service	21	table	介護給付（要介護1〜5）の利用量	短期入所療養介護（老健）（日数）/R7	122.0		honpen p.52	✓	auto:ai	2026-10-10	
1dc6d6555901068b	service	21	table	介護給付（要介護1〜5）の利用量	短期入所療養介護（老健）（日数）/R8	122.0		honpen p.52	✓	auto:ai	2026-10-10	
170cfd40f7af1ce5	service	21	table	介護給付（要介護1〜5）の利用量	短期入所療養介護（老健）（日数）/R22	144.6		honpen p.52	✓	auto:ai	2026-10-10	
51453358679d00b6	service	21	table	介護給付（要介護1〜5）の利用量	短期入所療養介護（老健）（人数）/R3	25		honpen p.52	✓	auto:ai	2026-10-10	
2e5041f06d8636c4	service	21	table	介護給付（要介護1〜5）の利用量	短期入所療養介護（老健）（人数）/R4	17		honpen p.52	✓	auto:ai	2026-10-10	
c20c087c3906df0d	service	21	table	介護給付（要介護1〜5）の利用量	短期入所療養介護（老健）（人数）/R5	15		honpen p.52	✓	auto:ai	2026-10-10	
1308dde2015c7e83	service	21	table	介護給付（要介護1〜5）の利用量	短期入所療養介護（老健）（人数）/R6	15		honpen p.52	✓	auto:ai	2026-10-10	
3a5c5d52934d59e4	service	21	table	介護給付（要介護1〜5）の利用量	短期入所療養介護（老健）（人数）/R7	15		honpen p.52	✓	auto:ai	2026-10-10	
26f643c7ff131809	service	21	table	介護給付（要介護1〜5）の利用量	短期入所療養介護（老健）（人数）/R8	15		honpen p.52	✓	auto:ai	2026-10-10	
944a1f65c1a1ba07	service	21	table	介護給付（要介護1〜5）の利用量	短期入所療養介護（老健）（人数）/R22	18		honpen p.52	✓	auto:ai	2026-10-10	
6a77abb218b5c693	service	21	table	介護給付（要介護1〜5）の利用量	福祉用具貸与（人数）/R3	351		honpen p.52	✓	auto:ai	2026-10-10	
0b2c9bf9ce87d1bc	service	21	table	介護給付（要介護1〜5）の利用量	福祉用具貸与（人数）/R4	371		honpen p.52	✓	auto:ai	2026-10-10	
4911fe50c1268635	service	21	table	介護給付（要介護1〜5）の利用量	福祉用具貸与（人数）/R5	377		honpen p.52	✓	auto:ai	2026-10-10	
cc1bd7ae8a7f8de0	service	21	table	介護給付（要介護1〜5）の利用量	福祉用具貸与（人数）/R6	395		honpen p.52	✓	auto:ai	2026-10-10	
04c03cc4af3ca6a2	service	21	table	介護給付（要介護1〜5）の利用量	福祉用具貸与（人数）/R7	397		honpen p.52	✓	auto:ai	2026-10-10	
7ef811c8a75b629d	service	21	table	介護給付（要介護1〜5）の利用量	福祉用具貸与（人数）/R8	406		honpen p.52	✓	auto:ai	2026-10-10	
7750a877038aeca3	service	21	table	介護給付（要介護1〜5）の利用量	福祉用具貸与（人数）/R22	447		honpen p.52	✓	auto:ai	2026-10-10	
90ccf12d59dc7f10	service	21	table	介護給付（要介護1〜5）の利用量	特定福祉用具購入費（人数）/R3	6		honpen p.52	✓	auto:ai	2026-10-10	
951efc6fb2c8d80c	service	21	table	介護給付（要介護1〜5）の利用量	特定福祉用具購入費（人数）/R4	6		honpen p.52	✓	auto:ai	2026-10-10	
bfd4177ffac2370f	service	21	table	介護給付（要介護1〜5）の利用量	特定福祉用具購入費（人数）/R5	4		honpen p.52	✓	auto:ai	2026-10-10	
ab8dd41ab000090a	service	21	table	介護給付（要介護1〜5）の利用量	特定福祉用具購入費（人数）/R6	5		honpen p.52	✓	auto:ai	2026-10-10	
61e7b642bd2c63a7	service	21	table	介護給付（要介護1〜5）の利用量	特定福祉用具購入費（人数）/R7	5		honpen p.52	✓	auto:ai	2026-10-10	
f750afe9fdcda9f2	service	21	table	介護給付（要介護1〜5）の利用量	特定福祉用具購入費（人数）/R8	5		honpen p.52	✓	auto:ai	2026-10-10	
971dd9d4ab5aa2ee	service	21	table	介護給付（要介護1〜5）の利用量	特定福祉用具購入費（人数）/R22	5		honpen p.52	✓	auto:ai	2026-10-10	
e1d1030e05b99bb8	service	21	table	介護給付（要介護1〜5）の利用量	住宅改修費（人数）/R3	3		honpen p.52	✓	auto:ai	2026-10-10	
6e225bd4080ff36e	service	21	table	介護給付（要介護1〜5）の利用量	住宅改修費（人数）/R4	3		honpen p.52	✓	auto:ai	2026-10-10	
16b583063193dd09	service	21	table	介護給付（要介護1〜5）の利用量	住宅改修費（人数）/R5	2		honpen p.52	✓	auto:ai	2026-10-10	
08eb492898df61f9	service	21	table	介護給付（要介護1〜5）の利用量	住宅改修費（人数）/R6	3		honpen p.52	✓	auto:ai	2026-10-10	
d6d49c903c067bf2	service	21	table	介護給付（要介護1〜5）の利用量	住宅改修費（人数）/R7	3		honpen p.52	✓	auto:ai	2026-10-10	
d003ebb92c777eef	service	21	table	介護給付（要介護1〜5）の利用量	住宅改修費（人数）/R8	3		honpen p.52	✓	auto:ai	2026-10-10	
44790ea430b9b28a	service	21	table	介護給付（要介護1〜5）の利用量	住宅改修費（人数）/R22	3		honpen p.52	✓	auto:ai	2026-10-10	
51755fcb57728408	service	21	table	介護給付（要介護1〜5）の利用量	特定施設入居者生活介護（人数）/R3	8		honpen p.52	✓	auto:ai	2026-10-10	
37a813ee34381276	service	21	table	介護給付（要介護1〜5）の利用量	特定施設入居者生活介護（人数）/R4	10		honpen p.52	✓	auto:ai	2026-10-10	
7d0a39dcd9f9ff1b	service	21	table	介護給付（要介護1〜5）の利用量	特定施設入居者生活介護（人数）/R5	11		honpen p.52	✓	auto:ai	2026-10-10	
085a91ed7b645849	service	21	table	介護給付（要介護1〜5）の利用量	特定施設入居者生活介護（人数）/R6	12		honpen p.52	✓	auto:ai	2026-10-10	
c278807f201c1d5c	service	21	table	介護給付（要介護1〜5）の利用量	特定施設入居者生活介護（人数）/R7	12		honpen p.52	✓	auto:ai	2026-10-10	
b31b65b92370221c	service	21	table	介護給付（要介護1〜5）の利用量	特定施設入居者生活介護（人数）/R8	12		honpen p.52	✓	auto:ai	2026-10-10	
72b8f82d11652c8b	service	21	table	介護給付（要介護1〜5）の利用量	特定施設入居者生活介護（人数）/R22	14		honpen p.52	✓	auto:ai	2026-10-10	
46a6a3caaacf1b5e	service	21	table	介護給付（要介護1〜5）の利用量	地域密着型通所介護（回数）/R3	210.1		honpen p.52	✓	auto:ai	2026-10-10	
d3393f54a0b99293	service	21	table	介護給付（要介護1〜5）の利用量	地域密着型通所介護（回数）/R4	199.4		honpen p.52	✓	auto:ai	2026-10-10	
9c9ef20faf283491	service	21	table	介護給付（要介護1〜5）の利用量	地域密着型通所介護（回数）/R5	256.4		honpen p.52	✓	auto:ai	2026-10-10	
22ae17ffa7f04b46	service	21	table	介護給付（要介護1〜5）の利用量	地域密着型通所介護（回数）/R6	264.2		honpen p.52	✓	auto:ai	2026-10-10	
82d4e74e0948880a	service	21	table	介護給付（要介護1〜5）の利用量	地域密着型通所介護（回数）/R7	278.3		honpen p.52	✓	auto:ai	2026-10-10	
0356c5cc764ae8ba	service	21	table	介護給付（要介護1〜5）の利用量	地域密着型通所介護（回数）/R8	298.4		honpen p.52	✓	auto:ai	2026-10-10	
618915f1d912aa24	service	21	table	介護給付（要介護1〜5）の利用量	地域密着型通所介護（回数）/R22	327.8		honpen p.52	✓	auto:ai	2026-10-10	
71d137680099dd32	service	21	table	介護給付（要介護1〜5）の利用量	地域密着型通所介護（人数）/R3	19		honpen p.52	✓	auto:ai	2026-10-10	
b1804f92926cc422	service	21	table	介護給付（要介護1〜5）の利用量	地域密着型通所介護（人数）/R4	18		honpen p.52	✓	auto:ai	2026-10-10	
94d11e9f59a424ec	service	21	table	介護給付（要介護1〜5）の利用量	地域密着型通所介護（人数）/R5	28		honpen p.52	✓	auto:ai	2026-10-10	
d19f244f39f92f68	service	21	table	介護給付（要介護1〜5）の利用量	地域密着型通所介護（人数）/R6	29		honpen p.52	✓	auto:ai	2026-10-10	
07653f2f55ad2617	service	21	table	介護給付（要介護1〜5）の利用量	地域密着型通所介護（人数）/R7	30		honpen p.52	✓	auto:ai	2026-10-10	
47676bd8c2b7cbae	service	21	table	介護給付（要介護1〜5）の利用量	地域密着型通所介護（人数）/R8	32		honpen p.52	✓	auto:ai	2026-10-10	
1f3d410755a8b86a	service	21	table	介護給付（要介護1〜5）の利用量	地域密着型通所介護（人数）/R22	35		honpen p.52	✓	auto:ai	2026-10-10	
3ffb68ad1e7c73fe	service	21	table	介護給付（要介護1〜5）の利用量	認知症対応型通所介護（回数）/R3	252.1		honpen p.52	✓	auto:ai	2026-10-10	
6fb41ccc56b1bd9d	service	21	table	介護給付（要介護1〜5）の利用量	認知症対応型通所介護（回数）/R4	246.5		honpen p.52	✓	auto:ai	2026-10-10	
5b720d0208cd582c	service	21	table	介護給付（要介護1〜5）の利用量	認知症対応型通所介護（回数）/R5	216.7		honpen p.52	✓	auto:ai	2026-10-10	
aae3e6eb1d253ade	service	21	table	介護給付（要介護1〜5）の利用量	認知症対応型通所介護（回数）/R6	242.1		honpen p.52	✓	auto:ai	2026-10-10	
86901f61e38e25b2	service	21	table	介護給付（要介護1〜5）の利用量	認知症対応型通所介護（回数）/R7	243.0		honpen p.52	✓	auto:ai	2026-10-10	
c897e8e831ae6579	service	21	table	介護給付（要介護1〜5）の利用量	認知症対応型通所介護（回数）/R8	243.0		honpen p.52	✓	auto:ai	2026-10-10	
6558efa4705272db	service	21	table	介護給付（要介護1〜5）の利用量	認知症対応型通所介護（回数）/R22	259.9		honpen p.52	✓	auto:ai	2026-10-10	
d36a8e5171bd3c91	service	21	table	介護給付（要介護1〜5）の利用量	認知症対応型通所介護（人数）/R3	26		honpen p.52	✓	auto:ai	2026-10-10	
653f4de2e468d681	service	21	table	介護給付（要介護1〜5）の利用量	認知症対応型通所介護（人数）/R4	26		honpen p.52	✓	auto:ai	2026-10-10	
d4fe26246211ba7c	service	21	table	介護給付（要介護1〜5）の利用量	認知症対応型通所介護（人数）/R5	27		honpen p.52	✓	auto:ai	2026-10-10	
3750da14eec55fe8	service	21	table	介護給付（要介護1〜5）の利用量	認知症対応型通所介護（人数）/R6	30		honpen p.52	✓	auto:ai	2026-10-10	
79bd4dbe33276619	service	21	table	介護給付（要介護1〜5）の利用量	認知症対応型通所介護（人数）/R7	30		honpen p.52	✓	auto:ai	2026-10-10	
cc5bff5cc2a8a8db	service	21	table	介護給付（要介護1〜5）の利用量	認知症対応型通所介護（人数）/R8	30		honpen p.52	✓	auto:ai	2026-10-10	
b16a16e7b3a9d639	service	21	table	介護給付（要介護1〜5）の利用量	認知症対応型通所介護（人数）/R22	32		honpen p.52	✓	auto:ai	2026-10-10	
ed21d7e19e4419e4	service	21	table	介護給付（要介護1〜5）の利用量	小規模多機能型居宅介護（人数）/R3	20		honpen p.52	✓	auto:ai	2026-10-10	
a07e96de730df794	service	21	table	介護給付（要介護1〜5）の利用量	小規模多機能型居宅介護（人数）/R4	19		honpen p.52	✓	auto:ai	2026-10-10	
c4e40715a9111c9b	service	21	table	介護給付（要介護1〜5）の利用量	小規模多機能型居宅介護（人数）/R5	20		honpen p.52	✓	auto:ai	2026-10-10	
39cb8909f6cee47a	service	21	table	介護給付（要介護1〜5）の利用量	小規模多機能型居宅介護（人数）/R6	22		honpen p.52	✓	auto:ai	2026-10-10	
0eeb04908a40a5b8	service	21	table	介護給付（要介護1〜5）の利用量	小規模多機能型居宅介護（人数）/R7	25		honpen p.52	✓	auto:ai	2026-10-10	
9cd7fac92e877e8a	service	21	table	介護給付（要介護1〜5）の利用量	小規模多機能型居宅介護（人数）/R8	26		honpen p.52	✓	auto:ai	2026-10-10	
5b240af72185bfd6	service	21	table	介護給付（要介護1〜5）の利用量	小規模多機能型居宅介護（人数）/R22	23		honpen p.52	✓	auto:ai	2026-10-10	
fa310240c11b343a	service	21	table	介護給付（要介護1〜5）の利用量	認知症対応型共同生活介護（人数）/R3	26		honpen p.52	✓	auto:ai	2026-10-10	
f9a024302e6c392c	service	21	table	介護給付（要介護1〜5）の利用量	認知症対応型共同生活介護（人数）/R4	26		honpen p.52	✓	auto:ai	2026-10-10	
d21222ba6d9ef4cd	service	21	table	介護給付（要介護1〜5）の利用量	認知症対応型共同生活介護（人数）/R5	27		honpen p.52	✓	auto:ai	2026-10-10	
2b0bbd733a773d33	service	21	table	介護給付（要介護1〜5）の利用量	認知症対応型共同生活介護（人数）/R6	27		honpen p.52	✓	auto:ai	2026-10-10	
d798ac12277eba63	service	21	table	介護給付（要介護1〜5）の利用量	認知症対応型共同生活介護（人数）/R7	27		honpen p.52	✓	auto:ai	2026-10-10	
c5f112099b7a5a42	service	21	table	介護給付（要介護1〜5）の利用量	認知症対応型共同生活介護（人数）/R8	27		honpen p.52	✓	auto:ai	2026-10-10	
34c589b3169e3ae3	service	21	table	介護給付（要介護1〜5）の利用量	認知症対応型共同生活介護（人数）/R22	27		honpen p.52	✓	auto:ai	2026-10-10	
1b2ca787e1ad0427	service	21	table	介護給付（要介護1〜5）の利用量	看護小規模多機能型居宅介護（人数）/R3	0		honpen p.52	✓	auto:ai	2026-10-10	
585877f8a8af02c6	service	21	table	介護給付（要介護1〜5）の利用量	看護小規模多機能型居宅介護（人数）/R4	0		honpen p.52	✓	auto:ai	2026-10-10	
075ef684814d55c1	service	21	table	介護給付（要介護1〜5）の利用量	看護小規模多機能型居宅介護（人数）/R5	0		honpen p.52	✓	auto:ai	2026-10-10	
46873b4139c2befb	service	21	table	介護給付（要介護1〜5）の利用量	看護小規模多機能型居宅介護（人数）/R6	0		honpen p.52	✓	auto:ai	2026-10-10	
80941ba96a7ab9a8	service	21	table	介護給付（要介護1〜5）の利用量	看護小規模多機能型居宅介護（人数）/R7	9		honpen p.52	✓	auto:ai	2026-10-10	
82f51fc52451d929	service	21	table	介護給付（要介護1〜5）の利用量	看護小規模多機能型居宅介護（人数）/R8	18		honpen p.52	✓	auto:ai	2026-10-10	
a86710d0a5115110	service	21	table	介護給付（要介護1〜5）の利用量	看護小規模多機能型居宅介護（人数）/R22	18		honpen p.52	✓	auto:ai	2026-10-10	
f1b08d702f8d80b2	service	21	table	介護給付（要介護1〜5）の利用量	介護老人福祉施設（人数）/R3	138		honpen p.52	✓	auto:ai	2026-10-10	
4036e73775f0df08	service	21	table	介護給付（要介護1〜5）の利用量	介護老人福祉施設（人数）/R4	141		honpen p.52	✓	auto:ai	2026-10-10	
a915937b5298f39c	service	21	table	介護給付（要介護1〜5）の利用量	介護老人福祉施設（人数）/R5	150		honpen p.52	✓	auto:ai	2026-10-10	
d76ecd6bc090246d	service	21	table	介護給付（要介護1〜5）の利用量	介護老人福祉施設（人数）/R6	150		honpen p.52	✓	auto:ai	2026-10-10	
7cd8583d3b32bf13	service	21	table	介護給付（要介護1〜5）の利用量	介護老人福祉施設（人数）/R7	150		honpen p.52	✓	auto:ai	2026-10-10	
cb0805af64246be9	service	21	table	介護給付（要介護1〜5）の利用量	介護老人福祉施設（人数）/R8	150		honpen p.52	✓	auto:ai	2026-10-10	
038e161c6e1a6e13	service	21	table	介護給付（要介護1〜5）の利用量	介護老人福祉施設（人数）/R22	170		honpen p.52	✓	auto:ai	2026-10-10	
5e83970779deb296	service	21	table	介護給付（要介護1〜5）の利用量	介護老人保健施設（人数）/R3	95		honpen p.52	✓	auto:ai	2026-10-10	
2595e618ce40b96b	service	21	table	介護給付（要介護1〜5）の利用量	介護老人保健施設（人数）/R4	99		honpen p.52	✓	auto:ai	2026-10-10	
f6d7c2289ee0ce91	service	21	table	介護給付（要介護1〜5）の利用量	介護老人保健施設（人数）/R5	92		honpen p.52	✓	auto:ai	2026-10-10	
8f68040cf20a2c3e	service	21	table	介護給付（要介護1〜5）の利用量	介護老人保健施設（人数）/R6	92		honpen p.52	✓	auto:ai	2026-10-10	
b9c3b5f49f0419d6	service	21	table	介護給付（要介護1〜5）の利用量	介護老人保健施設（人数）/R7	92		honpen p.52	✓	auto:ai	2026-10-10	
f9aa93c6a07004c8	service	21	table	介護給付（要介護1〜5）の利用量	介護老人保健施設（人数）/R8	92		honpen p.52	✓	auto:ai	2026-10-10	
e56d545d598f5aee	service	21	table	介護給付（要介護1〜5）の利用量	介護老人保健施設（人数）/R22	109		honpen p.52	✓	auto:ai	2026-10-10	
29f90fe7f0c5d32a	service	21	table	介護給付（要介護1〜5）の利用量	介護医療院（人数）/R3	10		honpen p.52	✓	auto:ai	2026-10-10	
95a0d064cc48b730	service	21	table	介護給付（要介護1〜5）の利用量	介護医療院（人数）/R4	9		honpen p.52	✓	auto:ai	2026-10-10	
5acb38fc49edae51	service	21	table	介護給付（要介護1〜5）の利用量	介護医療院（人数）/R5	7		honpen p.52	✓	auto:ai	2026-10-10	
93da4a2e501bb8cc	service	21	table	介護給付（要介護1〜5）の利用量	介護医療院（人数）/R6	7		honpen p.52	✓	auto:ai	2026-10-10	
f16ea4fa9dce475d	service	21	table	介護給付（要介護1〜5）の利用量	介護医療院（人数）/R7	7		honpen p.52	✓	auto:ai	2026-10-10	
042d101a9f33b39b	service	21	table	介護給付（要介護1〜5）の利用量	介護医療院（人数）/R8	7		honpen p.52	✓	auto:ai	2026-10-10	要人確認:H4 難しさ3点
58e1db99a089433b	service	21	table	介護給付（要介護1〜5）の利用量	介護医療院（人数）/R22	7		honpen p.52	✓	auto:ai	2026-10-10	
942f6986ec0510f8	service	21	table	介護給付（要介護1〜5）の利用量	居宅介護支援（人数）/R3	491		honpen p.52	✓	auto:ai	2026-10-10	
1eb53b158537a32c	service	21	table	介護給付（要介護1〜5）の利用量	居宅介護支援（人数）/R4	503		honpen p.52	✓	auto:ai	2026-10-10	
f959ed03f5c6140a	service	21	table	介護給付（要介護1〜5）の利用量	居宅介護支援（人数）/R5	494		honpen p.52	✓	auto:ai	2026-10-10	
874907bddb547513	service	21	table	介護給付（要介護1〜5）の利用量	居宅介護支援（人数）/R6	501		honpen p.52	✓	auto:ai	2026-10-10	
074c58cf83f5de78	service	21	table	介護給付（要介護1〜5）の利用量	居宅介護支援（人数）/R7	507		honpen p.52	✓	auto:ai	2026-10-10	
b349fbb026a745c0	service	21	table	介護給付（要介護1〜5）の利用量	居宅介護支援（人数）/R8	516		honpen p.52	✓	auto:ai	2026-10-10	
a56acad215188a35	service	21	table	介護給付（要介護1〜5）の利用量	居宅介護支援（人数）/R22	571		honpen p.52	✓	auto:ai	2026-10-10	
b2c1c93b4cb8ddf7	service	24	table	総給付費の見込み（千円）	予防給付費/R3	30877		honpen p.53	✓	auto:ai	2026-10-10	
c5b4f89ff7c9ce93	service	24	table	総給付費の見込み（千円）	予防給付費/R4	28342		honpen p.53	✓	auto:ai	2026-10-10	
eafe064e32c2b093	service	24	table	総給付費の見込み（千円）	予防給付費/R5	27799		honpen p.53	✓	auto:ai	2026-10-10	
c56a377b890217b0	service	24	table	総給付費の見込み（千円）	予防給付費/R6	32630		honpen p.53	✓	auto:ai	2026-10-10	
b9c789abcbf50712	service	24	table	総給付費の見込み（千円）	予防給付費/R7	35247		honpen p.53	✓	auto:ai	2026-10-10	
3921c873cb1a77cc	service	24	table	総給付費の見込み（千円）	予防給付費/R8	35333		honpen p.53	✓	auto:ai	2026-10-10	
cd22c30c60006acd	service	24	table	総給付費の見込み（千円）	予防給付費/R22	37411		honpen p.53	✓	auto:pdftext	2026-10-10	
db6334fa4ae2e38a	service	24	table	総給付費の見込み（千円）	介護給付費/R3	1760731		honpen p.53	✓	auto:ai	2026-10-10	
ee73dc64edde6861	service	24	table	総給付費の見込み（千円）	介護給付費/R4	1752561		honpen p.53	✓	auto:ai	2026-10-10	
4debd7ab4f9bf3f0	service	24	table	総給付費の見込み（千円）	介護給付費/R5	1780926		honpen p.53	✓	auto:ai	2026-10-10	
5b63020e421652bb	service	24	table	総給付費の見込み（千円）	介護給付費/R6	1878072		honpen p.53	✓	auto:ai	2026-10-10	
832b9ae28e2eb4b9	service	24	table	総給付費の見込み（千円）	介護給付費/R7	1934067		honpen p.53	✓	auto:ai	2026-10-10	
3ab4ee7c057a5cd1	service	24	table	総給付費の見込み（千円）	介護給付費/R8	1984047		honpen p.53	✓	auto:ai	2026-10-10	
953ba577edc6f283	service	24	table	総給付費の見込み（千円）	介護給付費/R22	2182951		honpen p.53	✓	auto:pdftext	2026-10-10	
188102f15a919911	service	24	table	総給付費の見込み（千円）	総給付費/R3	1791608		honpen p.53	✓	auto:pdftext	2026-10-10	
1a91e7e241e1ce4c	service	24	table	総給付費の見込み（千円）	総給付費/R4	1780903		honpen p.53	✓	auto:ai	2026-10-10	要人確認:H4 難しさ0点
ccf7d72d9b440081	service	24	table	総給付費の見込み（千円）	総給付費/R5	1808725		honpen p.53	✓	auto:ai	2026-10-10	
4b5dd3f66cc8656b	service	24	table	総給付費の見込み（千円）	総給付費/R6	1910702		honpen p.53	✓	auto:ai	2026-10-10	
da50a7925fc4551b	service	24	table	総給付費の見込み（千円）	総給付費/R7	1969314		honpen p.53	✓	auto:ai	2026-10-10	
bf287dc45558342c	service	24	table	総給付費の見込み（千円）	総給付費/R8	2019380		honpen p.53	✓	auto:ai	2026-10-10	
9359e00bb537db6b	service	24	table	総給付費の見込み（千円）	総給付費/R22	2220362		honpen p.53	✓	auto:pdftext	2026-10-10	
142469239e441526	service	25	table	予防給付費の内訳（千円）	（１）介護予防サービス/R3	19419		honpen p.53	✓	auto:ai	2026-10-10	
35a2a7fe602702f8	service	25	table	予防給付費の内訳（千円）	（１）介護予防サービス/R4	17276		honpen p.53	✓	auto:ai	2026-10-10	
e3b0f144d62a7914	service	25	table	予防給付費の内訳（千円）	（１）介護予防サービス/R5	18791		honpen p.53	✓	auto:ai	2026-10-10	
9e0468bd9239d7e1	service	25	table	予防給付費の内訳（千円）	（１）介護予防サービス/R6	21863		honpen p.53	✓	auto:pdftext	2026-10-10	
5ddbc54ac3856835	service	25	table	予防給付費の内訳（千円）	（１）介護予防サービス/R7	24298		honpen p.53	✓	auto:pdftext	2026-10-10	
bccd8cd9787edea4	service	25	table	予防給付費の内訳（千円）	（１）介護予防サービス/R8	24384		honpen p.53	✓	auto:pdftext	2026-10-10	
5338f3ec9080e226	service	25	table	予防給付費の内訳（千円）	（１）介護予防サービス/R22	25957		honpen p.53	✓	auto:pdftext	2026-10-10	
1167ccbf34e74ae6	service	25	table	予防給付費の内訳（千円）	介護予防訪問入浴介護/R3	0		honpen p.53	✓	auto:ai	2026-10-10	
4833d15abce7a81e	service	25	table	予防給付費の内訳（千円）	介護予防訪問入浴介護/R4	0		honpen p.53	✓	auto:ai	2026-10-10	
c4df4c322cab5506	service	25	table	予防給付費の内訳（千円）	介護予防訪問入浴介護/R5	0		honpen p.53	✓	auto:ai	2026-10-10	
4cd2509f89c5962e	service	25	table	予防給付費の内訳（千円）	介護予防訪問入浴介護/R6	0		honpen p.53	✓	auto:pdftext	2026-10-10	
dfa0d6ab101213dd	service	25	table	予防給付費の内訳（千円）	介護予防訪問入浴介護/R7	0		honpen p.53	✓	auto:pdftext	2026-10-10	
119616f36ce9bb9d	service	25	table	予防給付費の内訳（千円）	介護予防訪問入浴介護/R8	0		honpen p.53	✓	auto:pdftext	2026-10-10	
0f70a289477936cc	service	25	table	予防給付費の内訳（千円）	介護予防訪問入浴介護/R22	0		honpen p.53	✓	auto:pdftext	2026-10-10	
f1f4e9e287774564	service	25	table	予防給付費の内訳（千円）	介護予防訪問看護/R3	1355		honpen p.53	✓	auto:ai	2026-10-10	
695e07e0a5693f18	service	25	table	予防給付費の内訳（千円）	介護予防訪問看護/R4	1704		honpen p.53	✓	auto:pdftext	2026-10-10	
5a4dc99e13e78084	service	25	table	予防給付費の内訳（千円）	介護予防訪問看護/R5	2125		honpen p.53	✓	auto:pdftext	2026-10-10	
00d3960511640acc	service	25	table	予防給付費の内訳（千円）	介護予防訪問看護/R6	2634		honpen p.53	✓	auto:pdftext	2026-10-10	
1b2c546c81afae71	service	25	table	予防給付費の内訳（千円）	介護予防訪問看護/R7	2637		honpen p.53	✓	auto:pdftext	2026-10-10	
df37453fe18fb225	service	25	table	予防給付費の内訳（千円）	介護予防訪問看護/R8	2637		honpen p.53	✓	auto:pdftext	2026-10-10	
29633831a3d5049b	service	25	table	予防給付費の内訳（千円）	介護予防訪問看護/R22	2907		honpen p.53	✓	auto:pdftext	2026-10-10	
ba712c26f76aa6b4	service	25	table	予防給付費の内訳（千円）	介護予防訪問リハビリテーション/R3	1236		honpen p.53	✓	auto:ai	2026-10-10	
20d770524ea1407d	service	25	table	予防給付費の内訳（千円）	介護予防訪問リハビリテーション/R4	442		honpen p.53	✓	auto:ai	2026-10-10	
44c77dd337dec666	service	25	table	予防給付費の内訳（千円）	介護予防訪問リハビリテーション/R5	0		honpen p.53	✓	auto:ai	2026-10-10	
902553f29d56f390	service	25	table	予防給付費の内訳（千円）	介護予防訪問リハビリテーション/R6	599		honpen p.53	✓	auto:ai	2026-10-10	
878bb2924d7e569a	service	25	table	予防給付費の内訳（千円）	介護予防訪問リハビリテーション/R7	600		honpen p.53	✓	auto:ai	2026-10-10	
a4a01595f689858a	service	25	table	予防給付費の内訳（千円）	介護予防訪問リハビリテーション/R8	600		honpen p.53	✓	auto:ai	2026-10-10	
cdf9f0c205b9989a	service	25	table	予防給付費の内訳（千円）	介護予防訪問リハビリテーション/R22	600		honpen p.53	✓	auto:pdftext	2026-10-10	
dfde8fd3509fa222	service	25	table	予防給付費の内訳（千円）	介護予防居宅療養管理指導/R3	87		honpen p.53	✓	auto:ai	2026-10-10	
eb273f5a6bd55baf	service	25	table	予防給付費の内訳（千円）	介護予防居宅療養管理指導/R4	285		honpen p.53	✓	auto:ai	2026-10-10	
174754f44b5625b0	service	25	table	予防給付費の内訳（千円）	介護予防居宅療養管理指導/R5	315		honpen p.53	✓	auto:ai	2026-10-10	
5a22ff52d8153f09	service	25	table	予防給付費の内訳（千円）	介護予防居宅療養管理指導/R6	320		honpen p.53	✓	auto:ai	2026-10-10	
60b78426933ea4f2	service	25	table	予防給付費の内訳（千円）	介護予防居宅療養管理指導/R7	320		honpen p.53	✓	auto:pdftext	2026-10-10	
fd03e4f910e76ef5	service	25	table	予防給付費の内訳（千円）	介護予防居宅療養管理指導/R8	320		honpen p.53	✓	auto:pdftext	2026-10-10	
07dcacd101acd1f5	service	25	table	予防給付費の内訳（千円）	介護予防居宅療養管理指導/R22	320		honpen p.53	✓	auto:pdftext	2026-10-10	
850a7cd748b27ed4	service	25	table	予防給付費の内訳（千円）	介護予防通所リハビリテーション/R3	5712		honpen p.53	✓	auto:ai	2026-10-10	
41f614be281160cd	service	25	table	予防給付費の内訳（千円）	介護予防通所リハビリテーション/R4	4497		honpen p.53	✓	auto:ai	2026-10-10	
8969cb6b12d297c2	service	25	table	予防給付費の内訳（千円）	介護予防通所リハビリテーション/R5	6127		honpen p.53	✓	auto:ai	2026-10-10	
a337ec0e75cf9ec1	service	25	table	予防給付費の内訳（千円）	介護予防通所リハビリテーション/R6	7242		honpen p.53	✓	auto:ai	2026-10-10	
8df4ca1eddc424e9	service	25	table	予防給付費の内訳（千円）	介護予防通所リハビリテーション/R7	7251		honpen p.53	✓	auto:ai	2026-10-10	
c881c6e28870bbbf	service	25	table	予防給付費の内訳（千円）	介護予防通所リハビリテーション/R8	7251		honpen p.53	✓	auto:ai	2026-10-10	
a50d3806c0e194a8	service	25	table	予防給付費の内訳（千円）	介護予防通所リハビリテーション/R22	7765		honpen p.53	✓	auto:pdftext	2026-10-10	
a803df684785ba5c	service	25	table	予防給付費の内訳（千円）	介護予防短期入所生活介護/R3	70		honpen p.53	✓	auto:ai	2026-10-10	
a4be2304950c3391	service	25	table	予防給付費の内訳（千円）	介護予防短期入所生活介護/R4	213		honpen p.53	✓	auto:ai	2026-10-10	
acb599dfe8e9aa70	service	25	table	予防給付費の内訳（千円）	介護予防短期入所生活介護/R5	358		honpen p.53	✓	auto:ai	2026-10-10	
12359efad1b4c2cf	service	25	table	予防給付費の内訳（千円）	介護予防短期入所生活介護/R6	382		honpen p.53	✓	auto:ai	2026-10-10	
89aa8add735f54b4	service	25	table	予防給付費の内訳（千円）	介護予防短期入所生活介護/R7	382		honpen p.53	✓	auto:pdftext	2026-10-10	
0c1c64c37e9b659e	service	25	table	予防給付費の内訳（千円）	介護予防短期入所生活介護/R8	382		honpen p.53	✓	auto:pdftext	2026-10-10	
4e804a1cea918dd0	service	25	table	予防給付費の内訳（千円）	介護予防短期入所生活介護/R22	382		honpen p.53	✓	auto:pdftext	2026-10-10	
d53dc33b8e625d77	service	25	table	予防給付費の内訳（千円）	介護予防短期入所療養介護（老健）/R3	226		honpen p.53	✓	auto:ai	2026-10-10	
b22f1165570d6636	service	25	table	予防給付費の内訳（千円）	介護予防短期入所療養介護（老健）/R4	0		honpen p.53	✓	auto:ai	2026-10-10	
2788d80857e13ff2	service	25	table	予防給付費の内訳（千円）	介護予防短期入所療養介護（老健）/R5	0		honpen p.53	✓	auto:ai	2026-10-10	
198f441b4274aeec	service	25	table	予防給付費の内訳（千円）	介護予防短期入所療養介護（老健）/R6	0		honpen p.53	✓	auto:ai	2026-10-10	
9d2604ae80e78940	service	25	table	予防給付費の内訳（千円）	介護予防短期入所療養介護（老健）/R7	0		honpen p.53	✓	auto:ai	2026-10-10	
837bd46650e2fcb0	service	25	table	予防給付費の内訳（千円）	介護予防短期入所療養介護（老健）/R8	0		honpen p.53	✓	auto:ai	2026-10-10	
600c25d0cf3046e5	service	25	table	予防給付費の内訳（千円）	介護予防短期入所療養介護（老健）/R22	0		honpen p.53	✓	auto:pdftext	2026-10-10	
a3726d75cde984ed	service	25	table	予防給付費の内訳（千円）	介護予防短期入所療養介護（病院等）/R3	0		honpen p.53	✓	auto:ai	2026-10-10	
32bdd14e36eddaef	service	25	table	予防給付費の内訳（千円）	介護予防短期入所療養介護（病院等）/R4	0		honpen p.53	✓	auto:ai	2026-10-10	
c0b774404a49bee8	service	25	table	予防給付費の内訳（千円）	介護予防短期入所療養介護（病院等）/R5	0		honpen p.53	✓	auto:ai	2026-10-10	
09aca0d5bcdce5d5	service	25	table	予防給付費の内訳（千円）	介護予防短期入所療養介護（病院等）/R6	0		honpen p.53	✓	auto:pdftext	2026-10-10	
b7ec409fa39bdf36	service	25	table	予防給付費の内訳（千円）	介護予防短期入所療養介護（病院等）/R7	0		honpen p.53	✓	auto:pdftext	2026-10-10	
742db5a2bc550670	service	25	table	予防給付費の内訳（千円）	介護予防短期入所療養介護（病院等）/R8	0		honpen p.53	✓	auto:pdftext	2026-10-10	
c3bd7d82a9ad256e	service	25	table	予防給付費の内訳（千円）	介護予防短期入所療養介護（病院等）/R22	0		honpen p.53	✓	auto:pdftext	2026-10-10	
0c3510114884ddf7	service	25	table	予防給付費の内訳（千円）	介護予防短期入所療養介護（介護医療院）/R3	0		honpen p.53	✓	auto:ai	2026-10-10	要人確認:H4 難しさ3点
4dda578f5546dcca	service	25	table	予防給付費の内訳（千円）	介護予防短期入所療養介護（介護医療院）/R4	0		honpen p.53	✓	auto:ai	2026-10-10	
db32de7333f1259e	service	25	table	予防給付費の内訳（千円）	介護予防短期入所療養介護（介護医療院）/R5	0		honpen p.53	✓	auto:ai	2026-10-10	
6bc66a9084c6a6b8	service	25	table	予防給付費の内訳（千円）	介護予防短期入所療養介護（介護医療院）/R6	0		honpen p.53	✓	auto:pdftext	2026-10-10	
1209a8260d23e906	service	25	table	予防給付費の内訳（千円）	介護予防短期入所療養介護（介護医療院）/R7	0		honpen p.53	✓	auto:pdftext	2026-10-10	
8b48b508507bb9ac	service	25	table	予防給付費の内訳（千円）	介護予防短期入所療養介護（介護医療院）/R8	0		honpen p.53	✓	auto:pdftext	2026-10-10	
5518400b38d1efe7	service	25	table	予防給付費の内訳（千円）	介護予防短期入所療養介護（介護医療院）/R22	0		honpen p.53	✓	auto:pdftext	2026-10-10	
8601504d41a0770c	service	25	table	予防給付費の内訳（千円）	介護予防福祉用具貸与/R3	8867		honpen p.53	✓	auto:ai	2026-10-10	
0a884de96210cc7d	service	25	table	予防給付費の内訳（千円）	介護予防福祉用具貸与/R4	8443		honpen p.53	✓	auto:ai	2026-10-10	
e5cf69fabc266a19	service	25	table	予防給付費の内訳（千円）	介護予防福祉用具貸与/R5	8408		honpen p.53	✓	auto:ai	2026-10-10	
db6a62f505dbfb4f	service	25	table	予防給付費の内訳（千円）	介護予防福祉用具貸与/R6	8579		honpen p.53	✓	auto:pdftext	2026-10-10	
2d14bd64d05ffa69	service	25	table	予防給付費の内訳（千円）	介護予防福祉用具貸与/R7	8841		honpen p.53	✓	auto:pdftext	2026-10-10	
56e1953452aaa761	service	25	table	予防給付費の内訳（千円）	介護予防福祉用具貸与/R8	8927		honpen p.53	✓	auto:pdftext	2026-10-10	
3bf57a385ac2562e	service	25	table	予防給付費の内訳（千円）	介護予防福祉用具貸与/R22	9716		honpen p.53	✓	auto:pdftext	2026-10-10	
95fe127da5c160c5	service	25	table	予防給付費の内訳（千円）	特定介護予防福祉用具購入費/R3	551		honpen p.53	✓	auto:ai	2026-10-10	
dfd005d7fd8b8204	service	25	table	予防給付費の内訳（千円）	特定介護予防福祉用具購入費/R4	569		honpen p.53	✓	auto:ai	2026-10-10	
2494eff922c66d35	service	25	table	予防給付費の内訳（千円）	特定介護予防福祉用具購入費/R5	194		honpen p.53	✓	auto:ai	2026-10-10	
1805908afd19f169	service	25	table	予防給付費の内訳（千円）	特定介護予防福祉用具購入費/R6	843		honpen p.53	✓	auto:ai	2026-10-10	
6c1dafe8b440685c	service	25	table	予防給付費の内訳（千円）	特定介護予防福祉用具購入費/R7	843		honpen p.53	✓	auto:ai	2026-10-10	
d84a77097650c266	service	25	table	予防給付費の内訳（千円）	特定介護予防福祉用具購入費/R8	843		honpen p.53	✓	auto:ai	2026-10-10	
1fe82d827eac49d7	service	25	table	予防給付費の内訳（千円）	特定介護予防福祉用具購入費/R22	843		honpen p.53	✓	auto:ai	2026-10-10	
2b2d60ac0f989550	service	25	table	予防給付費の内訳（千円）	介護予防住宅改修/R3	1314		honpen p.53	✓	auto:ai	2026-10-10	
d4dba22ebf574f90	service	25	table	予防給付費の内訳（千円）	介護予防住宅改修/R4	1123		honpen p.53	✓	auto:ai	2026-10-10	
b31c15cc569d593d	service	25	table	予防給付費の内訳（千円）	介護予防住宅改修/R5	1264		honpen p.53	✓	auto:ai	2026-10-10	
6744e6c6ba90ab7f	service	25	table	予防給付費の内訳（千円）	介護予防住宅改修/R6	1264		honpen p.53	✓	auto:ai	2026-10-10	
f711a343b7c5171f	service	25	table	予防給付費の内訳（千円）	介護予防住宅改修/R7	3424		honpen p.53	✓	auto:ai	2026-10-10	
bd1564ba75bb4252	service	25	table	予防給付費の内訳（千円）	介護予防住宅改修/R8	3424		honpen p.53	✓	auto:ai	2026-10-10	
fc007b9d5f6dac44	service	25	table	予防給付費の内訳（千円）	介護予防住宅改修/R22	3424		honpen p.53	✓	auto:ai	2026-10-10	
3bc5b3dbb9f8d497	service	25	table	予防給付費の内訳（千円）	介護予防特定施設入居者生活介護/R3	0		honpen p.53	✓	auto:ai	2026-10-10	
309577227e49d6d7	service	25	table	予防給付費の内訳（千円）	介護予防特定施設入居者生活介護/R4	0		honpen p.53	✓	auto:ai	2026-10-10	
70f20a1ec8c9f223	service	25	table	予防給付費の内訳（千円）	介護予防特定施設入居者生活介護/R5	0		honpen p.53	✓	auto:ai	2026-10-10	
0e3b3064e047125f	service	25	table	予防給付費の内訳（千円）	介護予防特定施設入居者生活介護/R6	0		honpen p.53	✓	auto:pdftext	2026-10-10	
ea104869a3e9dc90	service	25	table	予防給付費の内訳（千円）	介護予防特定施設入居者生活介護/R7	0		honpen p.53	✓	auto:pdftext	2026-10-10	
8ada2492b959f368	service	25	table	予防給付費の内訳（千円）	介護予防特定施設入居者生活介護/R8	0		honpen p.53	✓	auto:pdftext	2026-10-10	
d6715ed27d84659e	service	25	table	予防給付費の内訳（千円）	介護予防特定施設入居者生活介護/R22	0		honpen p.53	✓	auto:pdftext	2026-10-10	
199cc938edb099de	service	25	table	予防給付費の内訳（千円）	（２）地域密着型介護予防サービス/R3	5176		honpen p.53	✓	auto:ai	2026-10-10	
ef8d92ccd2f1f822	service	25	table	予防給付費の内訳（千円）	（２）地域密着型介護予防サービス/R4	4939		honpen p.53	✓	auto:ai	2026-10-10	
a339e643799f4e75	service	25	table	予防給付費の内訳（千円）	（２）地域密着型介護予防サービス/R5	2924		honpen p.53	✓	auto:ai	2026-10-10	
f79f163860555db5	service	25	table	予防給付費の内訳（千円）	（２）地域密着型介護予防サービス/R6	4038		honpen p.53	✓	auto:ai	2026-10-10	
a1e6055ede9eeabc	service	25	table	予防給付費の内訳（千円）	（２）地域密着型介護予防サービス/R7	4043		honpen p.53	✓	auto:ai	2026-10-10	
fe1c17591c7b756c	service	25	table	予防給付費の内訳（千円）	（２）地域密着型介護予防サービス/R8	4043		honpen p.53	✓	auto:ai	2026-10-10	
91480b8042ad5609	service	25	table	予防給付費の内訳（千円）	（２）地域密着型介護予防サービス/R22	4043		honpen p.53	✓	auto:ai	2026-10-10	
f526536a493991cd	service	25	table	予防給付費の内訳（千円）	介護予防認知症対応型通所介護/R3	628		honpen p.53	✓	auto:ai	2026-10-10	
a3e4576d3c24f572	service	25	table	予防給付費の内訳（千円）	介護予防認知症対応型通所介護/R4	475		honpen p.53	✓	auto:ai	2026-10-10	
8aa5477fbd90f084	service	25	table	予防給付費の内訳（千円）	介護予防認知症対応型通所介護/R5	337		honpen p.53	✓	auto:ai	2026-10-10	
f17e8b0918a654ee	service	25	table	予防給付費の内訳（千円）	介護予防認知症対応型通所介護/R6	769		honpen p.53	✓	auto:ai	2026-10-10	
5c99e36459ba30a2	service	25	table	予防給付費の内訳（千円）	介護予防認知症対応型通所介護/R7	770		honpen p.53	✓	auto:ai	2026-10-10	
332a840bb2b89ed1	service	25	table	予防給付費の内訳（千円）	介護予防認知症対応型通所介護/R8	770		honpen p.53	✓	auto:ai	2026-10-10	
b9b16893de22f4da	service	25	table	予防給付費の内訳（千円）	介護予防認知症対応型通所介護/R22	770		honpen p.53	✓	auto:ai	2026-10-10	
ad4f1da22f5cb03f	service	25	table	予防給付費の内訳（千円）	介護予防小規模多機能型居宅介護/R3	4548		honpen p.53	✓	auto:ai	2026-10-10	
639e99ba9ad65688	service	25	table	予防給付費の内訳（千円）	介護予防小規模多機能型居宅介護/R4	4464		honpen p.53	✓	auto:ai	2026-10-10	
07deecb5b979ccf7	service	25	table	予防給付費の内訳（千円）	介護予防小規模多機能型居宅介護/R5	2587		honpen p.53	✓	auto:ai	2026-10-10	
a2f91a241b9390c6	service	25	table	予防給付費の内訳（千円）	介護予防小規模多機能型居宅介護/R6	3269		honpen p.53	✓	auto:ai	2026-10-10	
705d083fcfea7cbd	service	25	table	予防給付費の内訳（千円）	介護予防小規模多機能型居宅介護/R7	3273		honpen p.53	✓	auto:ai	2026-10-10	
036f06de5c4681cc	service	25	table	予防給付費の内訳（千円）	介護予防小規模多機能型居宅介護/R8	3273		honpen p.53	✓	auto:ai	2026-10-10	
3a3e8e406a78f765	service	25	table	予防給付費の内訳（千円）	介護予防小規模多機能型居宅介護/R22	3273		honpen p.53	✓	auto:ai	2026-10-10	
364874a984f8863a	service	25	table	予防給付費の内訳（千円）	介護予防認知症対応型共同生活介護/R3	0		honpen p.53	✓	auto:ai	2026-10-10	
dce279db5c6f2fb4	service	25	table	予防給付費の内訳（千円）	介護予防認知症対応型共同生活介護/R4	0		honpen p.53	✓	auto:ai	2026-10-10	
11528c3f83b89925	service	25	table	予防給付費の内訳（千円）	介護予防認知症対応型共同生活介護/R5	0		honpen p.53	✓	auto:ai	2026-10-10	
e021bad1bb275126	service	25	table	予防給付費の内訳（千円）	介護予防認知症対応型共同生活介護/R6	0		honpen p.53	✓	auto:pdftext	2026-10-10	
4edd8c11a7356941	service	25	table	予防給付費の内訳（千円）	介護予防認知症対応型共同生活介護/R7	0		honpen p.53	✓	auto:pdftext	2026-10-10	
869482f34127ef0c	service	25	table	予防給付費の内訳（千円）	介護予防認知症対応型共同生活介護/R8	0		honpen p.53	✓	auto:pdftext	2026-10-10	
3dbc103b253c232d	service	25	table	予防給付費の内訳（千円）	介護予防認知症対応型共同生活介護/R22	0		honpen p.53	✓	auto:pdftext	2026-10-10	
a59383e4adc80fa9	service	25	table	予防給付費の内訳（千円）	（３）介護予防支援/R3	6281		honpen p.53	✓	auto:ai	2026-10-10	
6af8d8e9943f0009	service	25	table	予防給付費の内訳（千円）	（３）介護予防支援/R4	6127		honpen p.53	✓	auto:ai	2026-10-10	
65367af3f7c3f491	service	25	table	予防給付費の内訳（千円）	（３）介護予防支援/R5	6083		honpen p.53	✓	auto:ai	2026-10-10	
7b4e06b650b78eae	service	25	table	予防給付費の内訳（千円）	（３）介護予防支援/R6	6729		honpen p.53	✓	auto:ai	2026-10-10	
bcb5d6182ea46e5b	service	25	table	予防給付費の内訳（千円）	（３）介護予防支援/R7	6906		honpen p.53	✓	auto:ai	2026-10-10	
aa396a9c689eceef	service	25	table	予防給付費の内訳（千円）	（３）介護予防支援/R8	6906		honpen p.53	✓	auto:ai	2026-10-10	
fa283fcf05f4232b	service	25	table	予防給付費の内訳（千円）	（３）介護予防支援/R22	7411		honpen p.53	✓	auto:ai	2026-10-10	
c1d7063748febe2b	service	25	table	予防給付費の内訳（千円）	合計/R3	30877		honpen p.53	✓	auto:ai	2026-10-10	
fc95b50c0d9e68a2	service	25	table	予防給付費の内訳（千円）	合計/R4	28342		honpen p.53	✓	auto:ai	2026-10-10	
4308313953a6949b	service	25	table	予防給付費の内訳（千円）	合計/R5	27799		honpen p.53	✓	auto:ai	2026-10-10	
19c565f3854d7d83	service	25	table	予防給付費の内訳（千円）	合計/R6	32630		honpen p.53	✓	auto:ai	2026-10-10	
e21eac66d0b5d406	service	25	table	予防給付費の内訳（千円）	合計/R7	35247		honpen p.53	✓	auto:ai	2026-10-10	
f30f179ac1ac7baf	service	25	table	予防給付費の内訳（千円）	合計/R8	35333		honpen p.53	✓	auto:ai	2026-10-10	
9f6601cdedf4566d	service	25	table	予防給付費の内訳（千円）	合計/R22	37411		honpen p.53	✓	auto:pdftext	2026-10-10	
f5e03ebc4d293c21	service	26	table	介護給付費の内訳（千円）	（１）居宅サービス/R3	694396		honpen p.54	✓	auto:ai	2026-10-10	
5d6aa50ebbadf5b3	service	26	table	介護給付費の内訳（千円）	（１）居宅サービス/R4	673954		honpen p.54	✓	auto:pdftext	2026-10-10	
60fd1c0dfa11bbbe	service	26	table	介護給付費の内訳（千円）	（１）居宅サービス/R5	683775		honpen p.54	✓	auto:pdftext	2026-10-10	
54d72b2ea5221ac6	service	26	table	介護給付費の内訳（千円）	（１）居宅サービス/R6	752765		honpen p.54	✓	auto:pdftext	2026-10-10	
bc303406fca51336	service	26	table	介護給付費の内訳（千円）	（１）居宅サービス/R7	770299		honpen p.54	✓	auto:pdftext	2026-10-10	
460cabaa7172f51f	service	26	table	介護給付費の内訳（千円）	（１）居宅サービス/R8	784505		honpen p.54	✓	auto:pdftext	2026-10-10	
663bedc1c6809ea3	service	26	table	介護給付費の内訳（千円）	（１）居宅サービス/R22	852549		honpen p.54	✓	auto:pdftext	2026-10-10	
c9864276d61b6bff	service	26	table	介護給付費の内訳（千円）	訪問介護/R3	125452		honpen p.54	✓	auto:pdftext	2026-10-10	
8deaf43357a0990c	service	26	table	介護給付費の内訳（千円）	訪問介護/R4	135428		honpen p.54	✓	auto:pdftext	2026-10-10	
3deae0352ede008d	service	26	table	介護給付費の内訳（千円）	訪問介護/R5	137281		honpen p.54	✓	auto:pdftext	2026-10-10	
24d1242bb3819aba	service	26	table	介護給付費の内訳（千円）	訪問介護/R6	148759		honpen p.54	✓	auto:pdftext	2026-10-10	
8d148dff5aa3c57f	service	26	table	介護給付費の内訳（千円）	訪問介護/R7	154773		honpen p.54	✓	auto:pdftext	2026-10-10	
8bec29515691e2c9	service	26	table	介護給付費の内訳（千円）	訪問介護/R8	159370		honpen p.54	✓	auto:pdftext	2026-10-10	
532d158e7c620d8e	service	26	table	介護給付費の内訳（千円）	訪問介護/R22	171841		honpen p.54	✓	auto:pdftext	2026-10-10	
167478908720c701	service	26	table	介護給付費の内訳（千円）	訪問入浴介護/R3	13883		honpen p.54	✓	auto:pdftext	2026-10-10	
4e2bd41322dbf38b	service	26	table	介護給付費の内訳（千円）	訪問入浴介護/R4	14673		honpen p.54	✓	auto:pdftext	2026-10-10	
2209e4860eb537d7	service	26	table	介護給付費の内訳（千円）	訪問入浴介護/R5	17017		honpen p.54	✓	auto:pdftext	2026-10-10	
dbbfe700499a25d1	service	26	table	介護給付費の内訳（千円）	訪問入浴介護/R6	18621		honpen p.54	✓	auto:pdftext	2026-10-10	
70d24bbddbdbb7e5	service	26	table	介護給付費の内訳（千円）	訪問入浴介護/R7	18944		honpen p.54	✓	auto:pdftext	2026-10-10	
9b41258196a1dd39	service	26	table	介護給付費の内訳（千円）	訪問入浴介護/R8	18944		honpen p.54	✓	auto:pdftext	2026-10-10	
ac4cf70c8aa89f96	service	26	table	介護給付費の内訳（千円）	訪問入浴介護/R22	19824		honpen p.54	✓	auto:pdftext	2026-10-10	
af45d157f037bafd	service	26	table	介護給付費の内訳（千円）	訪問看護/R3	32005		honpen p.54	✓	auto:pdftext	2026-10-10	
57f22ee57b6d23ed	service	26	table	介護給付費の内訳（千円）	訪問看護/R4	33585		honpen p.54	✓	auto:pdftext	2026-10-10	
e1ae1fb28d22f731	service	26	table	介護給付費の内訳（千円）	訪問看護/R5	41935		honpen p.54	✓	auto:pdftext	2026-10-10	
fb028fed305e1a10	service	26	table	介護給付費の内訳（千円）	訪問看護/R6	46601		honpen p.54	✓	auto:pdftext	2026-10-10	
4cff1053202a7692	service	26	table	介護給付費の内訳（千円）	訪問看護/R7	47184		honpen p.54	✓	auto:pdftext	2026-10-10	
d5046510292ab3e1	service	26	table	介護給付費の内訳（千円）	訪問看護/R8	47510		honpen p.54	✓	auto:pdftext	2026-10-10	
37695e15c3695ce7	service	26	table	介護給付費の内訳（千円）	訪問看護/R22	50703		honpen p.54	✓	auto:pdftext	2026-10-10	
d05fa73710ee2d5f	service	26	table	介護給付費の内訳（千円）	訪問リハビリテーション/R3	9250		honpen p.54	✓	auto:ai	2026-10-10	
be892f42d043e075	service	26	table	介護給付費の内訳（千円）	訪問リハビリテーション/R4	8762		honpen p.54	✓	auto:ai	2026-10-10	
bc82833a7e4741d5	service	26	table	介護給付費の内訳（千円）	訪問リハビリテーション/R5	9498		honpen p.54	✓	auto:ai	2026-10-10	
619d7fccfd9a0267	service	26	table	介護給付費の内訳（千円）	訪問リハビリテーション/R6	10346		honpen p.54	✓	auto:pdftext	2026-10-10	
2c045ef508eedfac	service	26	table	介護給付費の内訳（千円）	訪問リハビリテーション/R7	10360		honpen p.54	✓	auto:pdftext	2026-10-10	
23fe6206414c0090	service	26	table	介護給付費の内訳（千円）	訪問リハビリテーション/R8	10675		honpen p.54	✓	auto:pdftext	2026-10-10	
935c1e11b95a4fe2	service	26	table	介護給付費の内訳（千円）	訪問リハビリテーション/R22	11390		honpen p.54	✓	auto:pdftext	2026-10-10	
a304b6d817ee5c9c	service	26	table	介護給付費の内訳（千円）	居宅療養管理指導/R3	3442		honpen p.54	✓	auto:ai	2026-10-10	
45c81f043424c30e	service	26	table	介護給付費の内訳（千円）	居宅療養管理指導/R4	3551		honpen p.54	✓	auto:ai	2026-10-10	
82e5e257452fda48	service	26	table	介護給付費の内訳（千円）	居宅療養管理指導/R5	5197		honpen p.54	✓	auto:pdftext	2026-10-10	
39df01654b047f7d	service	26	table	介護給付費の内訳（千円）	居宅療養管理指導/R6	5573		honpen p.54	✓	auto:pdftext	2026-10-10	
85ece73cdcc2006a	service	26	table	介護給付費の内訳（千円）	居宅療養管理指導/R7	5681		honpen p.54	✓	auto:pdftext	2026-10-10	
6cce7437fd00827e	service	26	table	介護給付費の内訳（千円）	居宅療養管理指導/R8	5783		honpen p.54	✓	auto:pdftext	2026-10-10	
69c8b836cb5b7fd5	service	26	table	介護給付費の内訳（千円）	居宅療養管理指導/R22	6254		honpen p.54	✓	auto:pdftext	2026-10-10	
94c31411772f1308	service	26	table	介護給付費の内訳（千円）	通所介護/R3	254171		honpen p.54	✓	auto:pdftext	2026-10-10	
f9bdc965f7ee8fd0	service	26	table	介護給付費の内訳（千円）	通所介護/R4	240242		honpen p.54	✓	auto:pdftext	2026-10-10	
48e9e0209728385b	service	26	table	介護給付費の内訳（千円）	通所介護/R5	248332		honpen p.54	✓	auto:pdftext	2026-10-10	
61aab9a3774ffe37	service	26	table	介護給付費の内訳（千円）	通所介護/R6	286926		honpen p.54	✓	auto:pdftext	2026-10-10	
5f60404a35726035	service	26	table	介護給付費の内訳（千円）	通所介護/R7	290814		honpen p.54	✓	auto:pdftext	2026-10-10	
0e0774622b558047	service	26	table	介護給付費の内訳（千円）	通所介護/R8	296348		honpen p.54	✓	auto:pdftext	2026-10-10	
8fe15acc94f530d4	service	26	table	介護給付費の内訳（千円）	通所介護/R22	323973		honpen p.54	✓	auto:pdftext	2026-10-10	
ce9bd19bbbb4f0e8	service	26	table	介護給付費の内訳（千円）	通所リハビリテーション/R3	64809		honpen p.54	✓	auto:ai	2026-10-10	
75702c90f641836c	service	26	table	介護給付費の内訳（千円）	通所リハビリテーション/R4	50423		honpen p.54	✓	auto:ai	2026-10-10	
85271e2ad67dc2d6	service	26	table	介護給付費の内訳（千円）	通所リハビリテーション/R5	47840		honpen p.54	✓	auto:ai	2026-10-10	
d06c3be833efe61c	service	26	table	介護給付費の内訳（千円）	通所リハビリテーション/R6	50176		honpen p.54	✓	auto:pdftext	2026-10-10	
6230f8331538caa0	service	26	table	介護給付費の内訳（千円）	通所リハビリテーション/R7	54759		honpen p.54	✓	auto:pdftext	2026-10-10	
257d478a612db8d6	service	26	table	介護給付費の内訳（千円）	通所リハビリテーション/R8	56421		honpen p.54	✓	auto:pdftext	2026-10-10	
a0eda51a35f7245c	service	26	table	介護給付費の内訳（千円）	通所リハビリテーション/R22	60335		honpen p.54	✓	auto:pdftext	2026-10-10	
72769e0e00b0a954	service	26	table	介護給付費の内訳（千円）	短期入所生活介護/R3	76556		honpen p.54	✓	auto:ai	2026-10-10	
c651dc9ad3774221	service	26	table	介護給付費の内訳（千円）	短期入所生活介護/R4	70081		honpen p.54	✓	auto:pdftext	2026-10-10	
29366e4412714a00	service	26	table	介護給付費の内訳（千円）	短期入所生活介護/R5	60875		honpen p.54	✓	auto:pdftext	2026-10-10	
817de8f709f354a0	service	26	table	介護給付費の内訳（千円）	短期入所生活介護/R6	61678		honpen p.54	✓	auto:pdftext	2026-10-10	
b91d129fbdfb4d24	service	26	table	介護給付費の内訳（千円）	短期入所生活介護/R7	63472		honpen p.54	✓	auto:pdftext	2026-10-10	
aaab9d66e70ae357	service	26	table	介護給付費の内訳（千円）	短期入所生活介護/R8	63472		honpen p.54	✓	auto:pdftext	2026-10-10	
ae3505f9d6359081	service	26	table	介護給付費の内訳（千円）	短期入所生活介護/R22	67093		honpen p.54	✓	auto:pdftext	2026-10-10	
435411bcb3e8e3fe	service	26	table	介護給付費の内訳（千円）	短期入所療養介護（老健）/R3	28921		honpen p.54	✓	auto:ai	2026-10-10	
b06ba09ea150ba21	service	26	table	介護給付費の内訳（千円）	短期入所療養介護（老健）/R4	18896		honpen p.54	✓	auto:ai	2026-10-10	
4bb26d1bc55418d5	service	26	table	介護給付費の内訳（千円）	短期入所療養介護（老健）/R5	15615		honpen p.54	✓	auto:ai	2026-10-10	
a7eecd22a3d4ba81	service	26	table	介護給付費の内訳（千円）	短期入所療養介護（老健）/R6	15836		honpen p.54	✓	auto:pdftext	2026-10-10	
406d2c3f9d6a0a5f	service	26	table	介護給付費の内訳（千円）	短期入所療養介護（老健）/R7	15856		honpen p.54	✓	auto:pdftext	2026-10-10	
135a00d7ce6d57f3	service	26	table	介護給付費の内訳（千円）	短期入所療養介護（老健）/R8	15856		honpen p.54	✓	auto:pdftext	2026-10-10	
de20d441e9169e06	service	26	table	介護給付費の内訳（千円）	短期入所療養介護（老健）/R22	18913		honpen p.54	✓	auto:pdftext	2026-10-10	
eac410e0cb85dcee	service	26	table	介護給付費の内訳（千円）	短期入所療養介護（病院等）/R3	0		honpen p.54	✓	auto:ai	2026-10-10	
882c38896195ebf6	service	26	table	介護給付費の内訳（千円）	短期入所療養介護（病院等）/R4	0		honpen p.54	✓	auto:ai	2026-10-10	
210bd7fe977b2a84	service	26	table	介護給付費の内訳（千円）	短期入所療養介護（病院等）/R5	0		honpen p.54	✓	auto:ai	2026-10-10	
863af5cc13eacb18	service	26	table	介護給付費の内訳（千円）	短期入所療養介護（病院等）/R6	0		honpen p.54	✓	auto:ai	2026-10-10	
d3565f53cee61fb7	service	26	table	介護給付費の内訳（千円）	短期入所療養介護（病院等）/R7	0		honpen p.54	✓	auto:ai	2026-10-10	
b910c1b94ebf164e	service	26	table	介護給付費の内訳（千円）	短期入所療養介護（病院等）/R8	0		honpen p.54	✓	auto:ai	2026-10-10	
453adf1967e89380	service	26	table	介護給付費の内訳（千円）	短期入所療養介護（病院等）/R22	0		honpen p.54	✓	auto:pdftext	2026-10-10	
d4f14ea71e04a9d0	service	26	table	介護給付費の内訳（千円）	短期入所療養介護（介護医療院）/R3	0		honpen p.54	✓	auto:ai	2026-10-10	
85367fc57b6c9733	service	26	table	介護給付費の内訳（千円）	短期入所療養介護（介護医療院）/R4	0		honpen p.54	✓	auto:ai	2026-10-10	
e42470b6ab1ea402	service	26	table	介護給付費の内訳（千円）	短期入所療養介護（介護医療院）/R5	0		honpen p.54	✓	auto:ai	2026-10-10	
d3284fe0519e3c81	service	26	table	介護給付費の内訳（千円）	短期入所療養介護（介護医療院）/R6	0		honpen p.54	✓	auto:ai	2026-10-10	
0f852e8cb17e238e	service	26	table	介護給付費の内訳（千円）	短期入所療養介護（介護医療院）/R7	0		honpen p.54	✓	auto:ai	2026-10-10	
bc2d4d1cbdbf5986	service	26	table	介護給付費の内訳（千円）	短期入所療養介護（介護医療院）/R8	0		honpen p.54	✓	auto:ai	2026-10-10	
2232166dbcc2205a	service	26	table	介護給付費の内訳（千円）	短期入所療養介護（介護医療院）/R22	0		honpen p.54	✓	auto:pdftext	2026-10-10	
267ebbc1645c74a4	service	26	table	介護給付費の内訳（千円）	福祉用具貸与/R3	62767		honpen p.54	✓	auto:ai	2026-10-10	
80a19f3444281caf	service	26	table	介護給付費の内訳（千円）	福祉用具貸与/R4	68593		honpen p.54	✓	auto:ai	2026-10-10	
8c08a75f630bb7b3	service	26	table	介護給付費の内訳（千円）	福祉用具貸与/R5	69298		honpen p.54	✓	auto:ai	2026-10-10	
d9861d2fa974a345	service	26	table	介護給付費の内訳（千円）	福祉用具貸与/R6	71899		honpen p.54	✓	auto:ai	2026-10-10	
4e1e0bd793e78f27	service	26	table	介護給付費の内訳（千円）	福祉用具貸与/R7	72067		honpen p.54	✓	auto:ai	2026-10-10	
57434a8d9532fe0b	service	26	table	介護給付費の内訳（千円）	福祉用具貸与/R8	73737		honpen p.54	✓	auto:ai	2026-10-10	
b73aaccfced70947	service	26	table	介護給付費の内訳（千円）	福祉用具貸与/R22	80306		honpen p.54	✓	auto:ai	2026-10-10	
fa4671a9509c448d	service	26	table	介護給付費の内訳（千円）	特定福祉用具購入費/R3	1864		honpen p.54	✓	auto:ai	2026-10-10	
85785be59f280e29	service	26	table	介護給付費の内訳（千円）	特定福祉用具購入費/R4	1908		honpen p.54	✓	auto:ai	2026-10-10	
8a2afa128a9bb150	service	26	table	介護給付費の内訳（千円）	特定福祉用具購入費/R5	1089		honpen p.54	✓	auto:ai	2026-10-10	
7c236c650604b1da	service	26	table	介護給付費の内訳（千円）	特定福祉用具購入費/R6	1496		honpen p.54	✓	auto:ai	2026-10-10	
260f42fcc5cc4153	service	26	table	介護給付費の内訳（千円）	特定福祉用具購入費/R7	1496		honpen p.54	✓	auto:ai	2026-10-10	
18b5ea1f91bdbe00	service	26	table	介護給付費の内訳（千円）	特定福祉用具購入費/R8	1496		honpen p.54	✓	auto:ai	2026-10-10	
87d11e27884c2887	service	26	table	介護給付費の内訳（千円）	特定福祉用具購入費/R22	1496		honpen p.54	✓	auto:ai	2026-10-10	
aa001f9453c74bfa	service	26	table	介護給付費の内訳（千円）	住宅改修費/R3	3194		honpen p.54	✓	auto:ai	2026-10-10	
33a1fd1a5da2c644	service	26	table	介護給付費の内訳（千円）	住宅改修費/R4	2986		honpen p.54	✓	auto:ai	2026-10-10	
a06f44a14f707281	service	26	table	介護給付費の内訳（千円）	住宅改修費/R5	1992		honpen p.54	✓	auto:ai	2026-10-10	
1dbb0985ae6cc452	service	26	table	介護給付費の内訳（千円）	住宅改修費/R6	4152		honpen p.54	✓	auto:ai	2026-10-10	
07ea3a4c9df74309	service	26	table	介護給付費の内訳（千円）	住宅改修費/R7	4152		honpen p.54	✓	auto:ai	2026-10-10	
52a06de233b5445d	service	26	table	介護給付費の内訳（千円）	住宅改修費/R8	4152		honpen p.54	✓	auto:ai	2026-10-10	
e4ed0abe49f9fb7e	service	26	table	介護給付費の内訳（千円）	住宅改修費/R22	4152		honpen p.54	✓	auto:ai	2026-10-10	
a91afc5fa2cf12bc	service	26	table	介護給付費の内訳（千円）	特定施設入居者生活介護/R3	18081		honpen p.54	✓	auto:ai	2026-10-10	
45b4ee11fd988b06	service	26	table	介護給付費の内訳（千円）	特定施設入居者生活介護/R4	24825		honpen p.54	✓	auto:ai	2026-10-10	
a098feb47de3c090	service	26	table	介護給付費の内訳（千円）	特定施設入居者生活介護/R5	27806		honpen p.54	✓	auto:ai	2026-10-10	
2576e28a080e6586	service	26	table	介護給付費の内訳（千円）	特定施設入居者生活介護/R6	30702		honpen p.54	✓	auto:ai	2026-10-10	
14b3a2337fe655fc	service	26	table	介護給付費の内訳（千円）	特定施設入居者生活介護/R7	30741		honpen p.54	✓	auto:ai	2026-10-10	
b9b461039cdf1037	service	26	table	介護給付費の内訳（千円）	特定施設入居者生活介護/R8	30741		honpen p.54	✓	auto:ai	2026-10-10	
5de1d2e2ce3f3cec	service	26	table	介護給付費の内訳（千円）	特定施設入居者生活介護/R22	36269		honpen p.54	✓	auto:ai	2026-10-10	
077a8730b1a83e1d	service	26	table	介護給付費の内訳（千円）	（２）地域密着型サービス/R3	187992		honpen p.54	✓	auto:ai	2026-10-10	
364985ae0367a737	service	26	table	介護給付費の内訳（千円）	（２）地域密着型サービス/R4	182268		honpen p.54	✓	auto:ai	2026-10-10	
c0973d97d2de349e	service	26	table	介護給付費の内訳（千円）	（２）地域密着型サービス/R5	201935		honpen p.54	✓	auto:ai	2026-10-10	
b88bfb0b3193d91b	service	26	table	介護給付費の内訳（千円）	（２）地域密着型サービス/R6	216156		honpen p.54	✓	auto:ai	2026-10-10	
76df1cb20e28db0b	service	26	table	介護給付費の内訳（千円）	（２）地域密着型サービス/R7	252471		honpen p.54	✓	auto:ai	2026-10-10	
d889469a68246db0	service	26	table	介護給付費の内訳（千円）	（２）地域密着型サービス/R8	286650		honpen p.54	✓	auto:ai	2026-10-10	
f56ff6a79ff3765a	service	26	table	介護給付費の内訳（千円）	（２）地域密着型サービス/R22	286778		honpen p.54	✓	auto:ai	2026-10-10	
065114cbbecd2f12	service	26	table	介護給付費の内訳（千円）	定期巡回・随時対応型訪問介護看護/R3	0		honpen p.54	✓	auto:ai	2026-10-10	
da49ae1472f7919f	service	26	table	介護給付費の内訳（千円）	定期巡回・随時対応型訪問介護看護/R4	0		honpen p.54	✓	auto:ai	2026-10-10	
0ca085397561c45f	service	26	table	介護給付費の内訳（千円）	定期巡回・随時対応型訪問介護看護/R5	0		honpen p.54	✓	auto:ai	2026-10-10	
91bde42dd20a19cf	service	26	table	介護給付費の内訳（千円）	定期巡回・随時対応型訪問介護看護/R6	0		honpen p.54	✓	auto:ai	2026-10-10	
e2b36ed84142d31b	service	26	table	介護給付費の内訳（千円）	定期巡回・随時対応型訪問介護看護/R7	0		honpen p.54	✓	auto:ai	2026-10-10	
f57390e6706be49f	service	26	table	介護給付費の内訳（千円）	定期巡回・随時対応型訪問介護看護/R8	0		honpen p.54	✓	auto:ai	2026-10-10	
e6268812b18749af	service	26	table	介護給付費の内訳（千円）	定期巡回・随時対応型訪問介護看護/R22	0		honpen p.54	✓	auto:pdftext	2026-10-10	
02aa1f627550e97c	service	26	table	介護給付費の内訳（千円）	夜間対応型訪問介護/R3	0		honpen p.54	✓	auto:ai	2026-10-10	
79ab72a658df5f70	service	26	table	介護給付費の内訳（千円）	夜間対応型訪問介護/R4	0		honpen p.54	✓	auto:ai	2026-10-10	
66ffb5513c91eeb0	service	26	table	介護給付費の内訳（千円）	夜間対応型訪問介護/R5	0		honpen p.54	✓	auto:ai	2026-10-10	
083e2977bfa5592a	service	26	table	介護給付費の内訳（千円）	夜間対応型訪問介護/R6	0		honpen p.54	✓	auto:ai	2026-10-10	
29df1630af9d2313	service	26	table	介護給付費の内訳（千円）	夜間対応型訪問介護/R7	0		honpen p.54	✓	auto:ai	2026-10-10	
81987d9ba0389b6e	service	26	table	介護給付費の内訳（千円）	夜間対応型訪問介護/R8	0		honpen p.54	✓	auto:ai	2026-10-10	
d6eb2be104db2fae	service	26	table	介護給付費の内訳（千円）	夜間対応型訪問介護/R22	0		honpen p.54	✓	auto:pdftext	2026-10-10	
dd6ccc374f97551e	service	26	table	介護給付費の内訳（千円）	地域密着型通所介護/R3	22138		honpen p.54	✓	auto:ai	2026-10-10	
f42504a6513524c1	service	26	table	介護給付費の内訳（千円）	地域密着型通所介護/R4	22332		honpen p.54	✓	auto:ai	2026-10-10	
a948a1ba6764c16a	service	26	table	介護給付費の内訳（千円）	地域密着型通所介護/R5	29092		honpen p.54	✓	auto:ai	2026-10-10	
a0b5ca85f57155e9	service	26	table	介護給付費の内訳（千円）	地域密着型通所介護/R6	30822		honpen p.54	✓	auto:ai	2026-10-10	
164fde4a544720b2	service	26	table	介護給付費の内訳（千円）	地域密着型通所介護/R7	32029		honpen p.54	✓	auto:ai	2026-10-10	
892f4038ec37c12d	service	26	table	介護給付費の内訳（千円）	地域密着型通所介護/R8	34172		honpen p.54	✓	auto:ai	2026-10-10	
eb80cff351f72d55	service	26	table	介護給付費の内訳（千円）	地域密着型通所介護/R22	37725		honpen p.54	✓	auto:ai	2026-10-10	
3b43c4385102e826	service	26	table	介護給付費の内訳（千円）	認知症対応型通所介護/R3	36160		honpen p.54	✓	auto:ai	2026-10-10	
ca7b776ab4d3b78e	service	26	table	介護給付費の内訳（千円）	認知症対応型通所介護/R4	36218		honpen p.54	✓	auto:ai	2026-10-10	
98103ae7a281d763	service	26	table	介護給付費の内訳（千円）	認知症対応型通所介護/R5	31660		honpen p.54	✓	auto:ai	2026-10-10	
3a25f204fd93bcad	service	26	table	介護給付費の内訳（千円）	認知症対応型通所介護/R6	35966		honpen p.54	✓	auto:ai	2026-10-10	
351f4c090103f560	service	26	table	介護給付費の内訳（千円）	認知症対応型通所介護/R7	36059		honpen p.54	✓	auto:ai	2026-10-10	
201ff83ecc6c590a	service	26	table	介護給付費の内訳（千円）	認知症対応型通所介護/R8	36059		honpen p.54	✓	auto:ai	2026-10-10	
78fa0db805dc4835	service	26	table	介護給付費の内訳（千円）	認知症対応型通所介護/R22	38553		honpen p.54	✓	auto:ai	2026-10-10	
3288669a1e69c297	service	26	table	介護給付費の内訳（千円）	小規模多機能型居宅介護/R3	48678		honpen p.54	✓	auto:ai	2026-10-10	
3404d73f61995972	service	26	table	介護給付費の内訳（千円）	小規模多機能型居宅介護/R4	44568		honpen p.54	✓	auto:ai	2026-10-10	
a0fa3b8d9d04ae8d	service	26	table	介護給付費の内訳（千円）	小規模多機能型居宅介護/R5	52509		honpen p.54	✓	auto:ai	2026-10-10	
99fa8615a4bfd7b3	service	26	table	介護給付費の内訳（千円）	小規模多機能型居宅介護/R6	59501		honpen p.54	✓	auto:ai	2026-10-10	
f3310a5c552b5306	service	26	table	介護給付費の内訳（千円）	小規模多機能型居宅介護/R7	65496		honpen p.54	✓	auto:ai	2026-10-10	
71de6d8c3900c688	service	26	table	介護給付費の内訳（千円）	小規模多機能型居宅介護/R8	68625		honpen p.54	✓	auto:ai	2026-10-10	
0d9c1ce838c4864f	service	26	table	介護給付費の内訳（千円）	小規模多機能型居宅介護/R22	62706		honpen p.54	✓	auto:ai	2026-10-10	
d6f32511194413bc	service	26	table	介護給付費の内訳（千円）	認知症対応型共同生活介護/R3	81016		honpen p.54	✓	auto:ai	2026-10-10	
93f40d72313befd3	service	26	table	介護給付費の内訳（千円）	認知症対応型共同生活介護/R4	79150		honpen p.54	✓	auto:ai	2026-10-10	
9d9882ee89130ce8	service	26	table	介護給付費の内訳（千円）	認知症対応型共同生活介護/R5	88674		honpen p.54	✓	auto:ai	2026-10-10	
8f8b4c83f0e7f753	service	26	table	介護給付費の内訳（千円）	認知症対応型共同生活介護/R6	89867		honpen p.54	✓	auto:ai	2026-10-10	
9657f2600d211e09	service	26	table	介護給付費の内訳（千円）	認知症対応型共同生活介護/R7	89981		honpen p.54	✓	auto:ai	2026-10-10	
892759e3877d3d13	service	26	table	介護給付費の内訳（千円）	認知症対応型共同生活介護/R8	89981		honpen p.54	✓	auto:ai	2026-10-10	
4099a3926855c8ba	service	26	table	介護給付費の内訳（千円）	認知症対応型共同生活介護/R22	89981		honpen p.54	✓	auto:ai	2026-10-10	
e643209904f82a2a	service	26	table	介護給付費の内訳（千円）	地域密着型特定施設入居者生活介護/R3	0		honpen p.54	✓	auto:ai	2026-10-10	
85f57096b0c0f91a	service	26	table	介護給付費の内訳（千円）	地域密着型特定施設入居者生活介護/R4	0		honpen p.54	✓	auto:ai	2026-10-10	
1cfc048718a2c077	service	26	table	介護給付費の内訳（千円）	地域密着型特定施設入居者生活介護/R5	0		honpen p.54	✓	auto:ai	2026-10-10	
ae7230a93179f097	service	26	table	介護給付費の内訳（千円）	地域密着型特定施設入居者生活介護/R6	0		honpen p.54	✓	auto:ai	2026-10-10	
2db9886c666c104f	service	26	table	介護給付費の内訳（千円）	地域密着型特定施設入居者生活介護/R7	0		honpen p.54	✓	auto:ai	2026-10-10	
4dd84a19c019244b	service	26	table	介護給付費の内訳（千円）	地域密着型特定施設入居者生活介護/R8	0		honpen p.54	✓	auto:ai	2026-10-10	
aa83741801ada22c	service	26	table	介護給付費の内訳（千円）	地域密着型特定施設入居者生活介護/R22	0		honpen p.54	✓	auto:pdftext	2026-10-10	
362003af4e95d6b1	service	26	table	介護給付費の内訳（千円）	地域密着型介護老人福祉施設入所者生活介護/R3	0		honpen p.54	✓	auto:ai	2026-10-10	
00e115c89efdcb07	service	26	table	介護給付費の内訳（千円）	地域密着型介護老人福祉施設入所者生活介護/R4	0		honpen p.54	✓	auto:ai	2026-10-10	要人確認:H4 難しさ3点
12191681010ebec4	service	26	table	介護給付費の内訳（千円）	地域密着型介護老人福祉施設入所者生活介護/R5	0		honpen p.54	✓	auto:ai	2026-10-10	
6b05cf0dd627684e	service	26	table	介護給付費の内訳（千円）	地域密着型介護老人福祉施設入所者生活介護/R6	0		honpen p.54	✓	auto:ai	2026-10-10	
69be5da1d1ff29e5	service	26	table	介護給付費の内訳（千円）	地域密着型介護老人福祉施設入所者生活介護/R7	0		honpen p.54	✓	auto:ai	2026-10-10	
20d0206d0a112a7a	service	26	table	介護給付費の内訳（千円）	地域密着型介護老人福祉施設入所者生活介護/R8	0		honpen p.54	✓	auto:ai	2026-10-10	
e6db954a5add3f23	service	26	table	介護給付費の内訳（千円）	地域密着型介護老人福祉施設入所者生活介護/R22	0		honpen p.54	✓	auto:pdftext	2026-10-10	
be3b4ffda35b8d68	service	26	table	介護給付費の内訳（千円）	看護小規模多機能型居宅介護/R3	0		honpen p.54	✓	auto:ai	2026-10-10	
f9bafde94341e714	service	26	table	介護給付費の内訳（千円）	看護小規模多機能型居宅介護/R4	0		honpen p.54	✓	auto:ai	2026-10-10	
88b619683188db95	service	26	table	介護給付費の内訳（千円）	看護小規模多機能型居宅介護/R5	0		honpen p.54	✓	auto:ai	2026-10-10	
3a209bedbae4a446	service	26	table	介護給付費の内訳（千円）	看護小規模多機能型居宅介護/R6	0		honpen p.54	✓	auto:ai	2026-10-10	
4dc6e2ea3b24fd12	service	26	table	介護給付費の内訳（千円）	看護小規模多機能型居宅介護/R7	28906		honpen p.54	✓	auto:ai	2026-10-10	
9393615242226c2f	service	26	table	介護給付費の内訳（千円）	看護小規模多機能型居宅介護/R8	57813		honpen p.54	✓	auto:ai	2026-10-10	
fe08bcc97b4bd4d2	service	26	table	介護給付費の内訳（千円）	看護小規模多機能型居宅介護/R22	57813		honpen p.54	✓	auto:ai	2026-10-10	
e586ecc0732009b1	service	26	table	介護給付費の内訳（千円）	（３）施設サービス/R3	785732		honpen p.54	✓	auto:ai	2026-10-10	
95f7151c8605b580	service	26	table	介護給付費の内訳（千円）	（３）施設サービス/R4	803939		honpen p.54	✓	auto:ai	2026-10-10	
3769a49b32250992	service	26	table	介護給付費の内訳（千円）	（３）施設サービス/R5	810968		honpen p.54	✓	auto:ai	2026-10-10	
9aecabcf661a1e00	service	26	table	介護給付費の内訳（千円）	（３）施設サービス/R6	822417		honpen p.54	✓	auto:ai	2026-10-10	
6eadbfc7f0fb39e7	service	26	table	介護給付費の内訳（千円）	（３）施設サービス/R7	823457		honpen p.54	✓	auto:ai	2026-10-10	
e0c6d20333e16545	service	26	table	介護給付費の内訳（千円）	（３）施設サービス/R8	823457		honpen p.54	✓	auto:ai	2026-10-10	
b3bdc1608030af0f	service	26	table	介護給付費の内訳（千円）	（３）施設サービス/R22	945080		honpen p.54	✓	auto:ai	2026-10-10	
dab3863e48c52dea	service	26	table	介護給付費の内訳（千円）	介護老人福祉施設/R3	436098		honpen p.54	✓	auto:ai	2026-10-10	
365ae5221740ce04	service	26	table	介護給付費の内訳（千円）	介護老人福祉施設/R4	441153		honpen p.54	✓	auto:ai	2026-10-10	
456d2cf06dabaa1b	service	26	table	介護給付費の内訳（千円）	介護老人福祉施設/R5	475280		honpen p.54	✓	auto:ai	2026-10-10	
5e2dd427be9489d4	service	26	table	介護給付費の内訳（千円）	介護老人福祉施設/R6	481990		honpen p.54	✓	auto:ai	2026-10-10	
ccb3a03418a918de	service	26	table	介護給付費の内訳（千円）	介護老人福祉施設/R7	482599		honpen p.54	✓	auto:ai	2026-10-10	
b501c64e4a3b769d	service	26	table	介護給付費の内訳（千円）	介護老人福祉施設/R8	482599		honpen p.54	✓	auto:ai	2026-10-10	
9b28ef44493bee0a	service	26	table	介護給付費の内訳（千円）	介護老人福祉施設/R22	546209		honpen p.54	✓	auto:ai	2026-10-10	
527b389ac7bd8f63	service	26	table	介護給付費の内訳（千円）	介護老人保健施設/R3	303787		honpen p.54	✓	auto:ai	2026-10-10	
f1384827b8bd1d98	service	26	table	介護給付費の内訳（千円）	介護老人保健施設/R4	320276		honpen p.54	✓	auto:ai	2026-10-10	
ae9cf53d78b655dc	service	26	table	介護給付費の内訳（千円）	介護老人保健施設/R5	303149		honpen p.54	✓	auto:ai	2026-10-10	
08126f042a740ab1	service	26	table	介護給付費の内訳（千円）	介護老人保健施設/R6	307429		honpen p.54	✓	auto:ai	2026-10-10	
3bbd73a86dc2c78c	service	26	table	介護給付費の内訳（千円）	介護老人保健施設/R7	307818		honpen p.54	✓	auto:ai	2026-10-10	
8203b3654f684ada	service	26	table	介護給付費の内訳（千円）	介護老人保健施設/R8	307818		honpen p.54	✓	auto:ai	2026-10-10	
3c774aacd72e2822	service	26	table	介護給付費の内訳（千円）	介護老人保健施設/R22	365831		honpen p.54	✓	auto:ai	2026-10-10	
b9d381ab8b69e15a	service	26	table	介護給付費の内訳（千円）	介護医療院/R3	44208		honpen p.54	✓	auto:ai	2026-10-10	
24793e51aa4e76c8	service	26	table	介護給付費の内訳（千円）	介護医療院/R4	42510		honpen p.54	✓	auto:ai	2026-10-10	
f5a7c30c3c1204df	service	26	table	介護給付費の内訳（千円）	介護医療院/R5	32539		honpen p.54	✓	auto:ai	2026-10-10	
d79fd638c1da8b2f	service	26	table	介護給付費の内訳（千円）	介護医療院/R6	32998		honpen p.54	✓	auto:ai	2026-10-10	
2d33156a74841c21	service	26	table	介護給付費の内訳（千円）	介護医療院/R7	33040		honpen p.54	✓	auto:ai	2026-10-10	
346dda9e668a1f31	service	26	table	介護給付費の内訳（千円）	介護医療院/R8	33040		honpen p.54	✓	auto:ai	2026-10-10	
e8b9b761dd3ec311	service	26	table	介護給付費の内訳（千円）	介護医療院/R22	33040		honpen p.54	✓	auto:ai	2026-10-10	
73d45edbafc4677d	service	26	table	介護給付費の内訳（千円）	介護療養型医療施設/R3	1639		honpen p.54	✓	auto:ai	2026-10-10	
d046735005f901bd	service	26	table	介護給付費の内訳（千円）	介護療養型医療施設/R4	0		honpen p.54	✓	auto:ai	2026-10-10	
c65b2622b7fdbe9a	service	26	table	介護給付費の内訳（千円）	介護療養型医療施設/R5	0		honpen p.54	✓	auto:ai	2026-10-10	
52964009fa4ff380	service	26	table	介護給付費の内訳（千円）	（４）居宅介護支援/R3	92611		honpen p.54	✓	auto:ai	2026-10-10	
de5d9e166a75998b	service	26	table	介護給付費の内訳（千円）	（４）居宅介護支援/R4	92400		honpen p.54	✓	auto:ai	2026-10-10	
85b46b5aa4742675	service	26	table	介護給付費の内訳（千円）	（４）居宅介護支援/R5	84248		honpen p.54	✓	auto:ai	2026-10-10	
0143df67714cf5e5	service	26	table	介護給付費の内訳（千円）	（４）居宅介護支援/R6	86734		honpen p.54	✓	auto:ai	2026-10-10	
8bafad8878b2f265	service	26	table	介護給付費の内訳（千円）	（４）居宅介護支援/R7	87840		honpen p.54	✓	auto:ai	2026-10-10	
1445bc8c0a787af9	service	26	table	介護給付費の内訳（千円）	（４）居宅介護支援/R8	89435		honpen p.54	✓	auto:ai	2026-10-10	
362b5c6dc40b9439	service	26	table	介護給付費の内訳（千円）	（４）居宅介護支援/R22	98544		honpen p.54	✓	auto:ai	2026-10-10	
f7ce8a9d405a0656	service	26	table	介護給付費の内訳（千円）	合計/R3	1760731		honpen p.54	✓	auto:ai	2026-10-10	
d8ef86dec09b2e28	service	26	table	介護給付費の内訳（千円）	合計/R4	1752561		honpen p.54	✓	auto:ai	2026-10-10	
a9244d07b6e5a477	service	26	table	介護給付費の内訳（千円）	合計/R5	1780926		honpen p.54	✓	auto:ai	2026-10-10	
019a280389101bee	service	26	table	介護給付費の内訳（千円）	合計/R6	1878072		honpen p.54	✓	auto:ai	2026-10-10	
b1e78371e8294b63	service	26	table	介護給付費の内訳（千円）	合計/R7	1934067		honpen p.54	✓	auto:ai	2026-10-10	
bafe817884440ed1	service	26	table	介護給付費の内訳（千円）	合計/R8	1984047		honpen p.54	✓	auto:ai	2026-10-10	
81de3468a27721c0	service	26	table	介護給付費の内訳（千円）	合計/R22	2182951		honpen p.54	✓	auto:ai	2026-10-10	
cd5d15bf96b8d1f5	hokenryo	6	table	標準給付費（円）	総給付費【A】/R6	1910702000		honpen p.55	✓	auto:pdftext	2026-10-10	
23c40e9d9bbbb49c	hokenryo	6	table	標準給付費（円）	総給付費【A】/R7	1969314000		honpen p.55	✓	auto:pdftext	2026-10-10	
a5401d251f7f9fbb	hokenryo	6	table	標準給付費（円）	総給付費【A】/R8	2019380000		honpen p.55	✓	auto:pdftext	2026-10-10	
67d6de8ffb6e4d5c	hokenryo	6	table	標準給付費（円）	総給付費【A】/R22	2220362000		honpen p.55	✓	auto:pdftext	2026-10-10	
16737f958c7c36f4	hokenryo	6	table	標準給付費（円）	特定入所者介護サービス費等給付額（財政影響額調整後）【B】/R6	60981023		honpen p.55	✓	auto:ai	2026-10-10	
dc3f4185536d818c	hokenryo	6	table	標準給付費（円）	特定入所者介護サービス費等給付額（財政影響額調整後）【B】/R7	61559125		honpen p.55	✓	auto:ai	2026-10-10	
6a2c59aa7a5e4f10	hokenryo	6	table	標準給付費（円）	特定入所者介護サービス費等給付額（財政影響額調整後）【B】/R8	61948740		honpen p.55	✓	auto:ai	2026-10-10	
6f3fef4356e36232	hokenryo	6	table	標準給付費（円）	特定入所者介護サービス費等給付額（財政影響額調整後）【B】/R22	67861084		honpen p.55	✓	auto:ai	2026-10-10	
d4025b8ad1b0f993	hokenryo	6	table	標準給付費（円）	　特定入所者介護サービス費等給付額【B’】/R6	60132157		honpen p.55	✓	auto:ai	2026-10-10	
da5386f901c4f947	hokenryo	6	table	標準給付費（円）	　特定入所者介護サービス費等給付額【B’】/R7	60625492		honpen p.55	✓	auto:ai	2026-10-10	
ea75f35db1397f9d	hokenryo	6	table	標準給付費（円）	　特定入所者介護サービス費等給付額【B’】/R8	61009198		honpen p.55	✓	auto:ai	2026-10-10	
28f1595c1f255c1e	hokenryo	6	table	標準給付費（円）	　特定入所者介護サービス費等給付額【B’】/R22	67861084		honpen p.55	✓	auto:pdftext	2026-10-10	
dd0877a81a574f83	hokenryo	6	table	標準給付費（円）	　制度改正に伴う財政影響額【B”】/R6	848866		honpen p.55	✓	auto:ai	2026-10-10	
4d6399a2c5935761	hokenryo	6	table	標準給付費（円）	　制度改正に伴う財政影響額【B”】/R7	933633		honpen p.55	✓	auto:ai	2026-10-10	
e8554c80ede8ac6b	hokenryo	6	table	標準給付費（円）	　制度改正に伴う財政影響額【B”】/R8	939542		honpen p.55	✓	auto:ai	2026-10-10	
d45ae8328f60f08b	hokenryo	6	table	標準給付費（円）	　制度改正に伴う財政影響額【B”】/R22	0		honpen p.55	✓	auto:pdftext	2026-10-10	
b2e279ee00f6c521	hokenryo	6	table	標準給付費（円）	高額介護サービス費等給付額（財政影響額調整後）【C】/R6	38095116		honpen p.55	✓	auto:ai	2026-10-10	
d99aeaa76af5903f	hokenryo	6	table	標準給付費（円）	高額介護サービス費等給付額（財政影響額調整後）【C】/R7	38462954		honpen p.55	✓	auto:ai	2026-10-10	
f8fb2a744a368c81	hokenryo	6	table	標準給付費（円）	高額介護サービス費等給付額（財政影響額調整後）【C】/R8	38706390		honpen p.55	✓	auto:ai	2026-10-10	
f8895e6c6def2fd7	hokenryo	6	table	標準給付費（円）	高額介護サービス費等給付額（財政影響額調整後）【C】/R22	42310699		honpen p.55	✓	auto:ai	2026-10-10	
92d9484141a070b0	hokenryo	6	table	標準給付費（円）	　高額介護サービス費等給付額【C’】/R6	37491791		honpen p.55	✓	auto:ai	2026-10-10	
11d4fddd87892c69	hokenryo	6	table	標準給付費（円）	　高額介護サービス費等給付額【C’】/R7	37799381		honpen p.55	✓	auto:ai	2026-10-10	
98be9c14404f3a81	hokenryo	6	table	標準給付費（円）	　高額介護サービス費等給付額【C’】/R8	38038617		honpen p.55	✓	auto:ai	2026-10-10	
da04ac9c2a3beea0	hokenryo	6	table	標準給付費（円）	　高額介護サービス費等給付額【C’】/R22	42310699		honpen p.55	✓	auto:ai	2026-10-10	
14851b60353f32d7	hokenryo	6	table	標準給付費（円）	　高額介護サービス費等の見直し等に伴う財政影響額【C”】/R6	603325		honpen p.55	✓	auto:ai	2026-10-10	
8d07ad4b8fdbeb9b	hokenryo	6	table	標準給付費（円）	　高額介護サービス費等の見直し等に伴う財政影響額【C”】/R7	663573		honpen p.55	✓	auto:ai	2026-10-10	
374bef6d21d5bc04	hokenryo	6	table	標準給付費（円）	　高額介護サービス費等の見直し等に伴う財政影響額【C”】/R8	667773		honpen p.55	✓	auto:ai	2026-10-10	
e52eba20d9088a4b	hokenryo	6	table	標準給付費（円）	　高額介護サービス費等の見直し等に伴う財政影響額【C”】/R22	0		honpen p.55	✓	auto:ai	2026-10-10	
4d3e7666ff78e82b	hokenryo	6	table	標準給付費（円）	高額医療合算介護サービス費等給付額【D】/R6	5246733		honpen p.55	✓	auto:ai	2026-10-10	
3cbb39baa8a5b181	hokenryo	6	table	標準給付費（円）	高額医療合算介護サービス費等給付額【D】/R7	5289778		honpen p.55	✓	auto:ai	2026-10-10	
2bce46cfe04b08b4	hokenryo	6	table	標準給付費（円）	高額医療合算介護サービス費等給付額【D】/R8	5323258		honpen p.55	✓	auto:ai	2026-10-10	
e335a3ac029f51fa	hokenryo	6	table	標準給付費（円）	高額医療合算介護サービス費等給付額【D】/R22	5921108		honpen p.55	✓	auto:ai	2026-10-10	
af98558731de1a2e	hokenryo	6	table	標準給付費（円）	算定対象審査支払手数料【E】/R6	2003635		honpen p.55	✓	auto:ai	2026-10-10	
a9bbd56f8c6aa954	hokenryo	6	table	標準給付費（円）	算定対象審査支払手数料【E】/R7	2063399		honpen p.55	✓	auto:ai	2026-10-10	
e3c4004d3f9086e9	hokenryo	6	table	標準給付費（円）	算定対象審査支払手数料【E】/R8	2116731		honpen p.55	✓	auto:ai	2026-10-10	
1b1b5c26ad35efb3	hokenryo	6	table	標準給付費（円）	算定対象審査支払手数料【E】/R22	2328920		honpen p.55	✓	auto:ai	2026-10-10	
a4e7ded785a399c2	hokenryo	6	table	標準給付費（円）	標準給付費見込額（A+B+C+D+E）/R6	2017028507		honpen p.55	✓	auto:ai	2026-10-10	要人確認:H4 難しさ3点
e3131d0abe226d2b	hokenryo	6	table	標準給付費（円）	標準給付費見込額（A+B+C+D+E）/R7	2076689256		honpen p.55	✓	auto:ai	2026-10-10	
b763fab185d23568	hokenryo	6	table	標準給付費（円）	標準給付費見込額（A+B+C+D+E）/R8	2127475119		honpen p.55	✓	auto:ai	2026-10-10	
b5130fdd114d7e00	hokenryo	6	table	標準給付費（円）	標準給付費見込額（A+B+C+D+E）/第9期計	6221192882		honpen p.55	✓	auto:ai	2026-10-10	
b5dc1e1a6b77469e	hokenryo	6	table	標準給付費（円）	標準給付費見込額（A+B+C+D+E）/R22	2338783811		honpen p.55	✓	auto:ai	2026-10-10	
01f39cc434e46b97	hokenryo	7	table	地域支援事業費（円）	介護予防・日常生活支援総合事業費/R6	32758165		honpen p.55	✓	auto:ai	2026-10-10	
e0918117be7160aa	hokenryo	7	table	地域支援事業費（円）	介護予防・日常生活支援総合事業費/R7	32936388		honpen p.55	✓	auto:ai	2026-10-10	
e258b29807dbd201	hokenryo	7	table	地域支援事業費（円）	介護予防・日常生活支援総合事業費/R8	32988500		honpen p.55	✓	auto:ai	2026-10-10	
1acd2d52d062098c	hokenryo	7	table	地域支援事業費（円）	介護予防・日常生活支援総合事業費/R22	32124274		honpen p.55	✓	auto:pdftext	2026-10-10	
b3bd7686ccf2630f	hokenryo	7	table	地域支援事業費（円）	包括的支援事業（地域包括支援センターの運営）及び任意事業/R6	21574652		honpen p.55	✓	auto:ai	2026-10-10	
e22173b8ab2b5b59	hokenryo	7	table	地域支援事業費（円）	包括的支援事業（地域包括支援センターの運営）及び任意事業/R7	21752848		honpen p.55	✓	auto:ai	2026-10-10	
a3a5e3aaa7393fb1	hokenryo	7	table	地域支援事業費（円）	包括的支援事業（地域包括支援センターの運営）及び任意事業/R8	21805260		honpen p.55	✓	auto:ai	2026-10-10	
d8204c6e9e9a63c3	hokenryo	7	table	地域支援事業費（円）	包括的支援事業（地域包括支援センターの運営）及び任意事業/R22	33411874		honpen p.55	✓	auto:pdftext	2026-10-10	
cbf2183cc959d2f4	hokenryo	7	table	地域支援事業費（円）	包括的支援事業（社会保障充実分）/R6	19902475		honpen p.55	✓	auto:ai	2026-10-10	
525152fbfd437fed	hokenryo	7	table	地域支援事業費（円）	包括的支援事業（社会保障充実分）/R7	20005943		honpen p.55	✓	auto:ai	2026-10-10	
ce68cef8198c3f73	hokenryo	7	table	地域支援事業費（円）	包括的支援事業（社会保障充実分）/R8	20036376		honpen p.55	✓	auto:ai	2026-10-10	
4781dba2525a89c9	hokenryo	7	table	地域支援事業費（円）	包括的支援事業（社会保障充実分）/R22	19869000		honpen p.55	✓	auto:pdftext	2026-10-10	
35e74b788f66fda4	hokenryo	7	table	地域支援事業費（円）	地域支援事業費/R6	74235292		honpen p.55	✓	auto:ai	2026-10-10	要人確認:H4 難しさ3点
d4b27a34c829c8e7	hokenryo	7	table	地域支援事業費（円）	地域支援事業費/R7	74695179		honpen p.55	✓	auto:ai	2026-10-10	
89e790e31ba66a1a	hokenryo	7	table	地域支援事業費（円）	地域支援事業費/R8	74830136		honpen p.55	✓	auto:ai	2026-10-10	
a154562f42f13289	hokenryo	7	table	地域支援事業費（円）	地域支援事業費/第9期計	223760607		honpen p.55	✓	auto:ai	2026-10-10	
b416556fb18aea8e	hokenryo	7	table	地域支援事業費（円）	地域支援事業費/R22	85405148		honpen p.55	✓	auto:ai	2026-10-10	
28dc4bdd5a521f77	hokenryo	8	table	市町村特別給付費（円）	介護用品支給事業（おむつ助成）/R6	12702000		honpen p.56	✓	auto:ai	2026-10-10	
49b28bf203e648cf	hokenryo	8	table	市町村特別給付費（円）	介護用品支給事業（おむつ助成）/R7	12702000		honpen p.56	✓	auto:ai	2026-10-10	
aea84e92808ac707	hokenryo	8	table	市町村特別給付費（円）	介護用品支給事業（おむつ助成）/R8	12702000		honpen p.56	✓	auto:ai	2026-10-10	
74de0fa3a6a76318	hokenryo	8	table	市町村特別給付費（円）	介護用品支給事業（おむつ助成）/R22	13800000		honpen p.56	✓	auto:pdftext	2026-10-10	
43b93ad31d9ecf24	hokenryo	8	table	市町村特別給付費（円）	市町村特別給付費/R6	12702000		honpen p.56	✓	auto:ai	2026-10-10	要人確認:H4 難しさ5点
b19a7ad5690044c4	hokenryo	8	table	市町村特別給付費（円）	市町村特別給付費/R7	12702000		honpen p.56	✓	auto:ai	2026-10-10	
4800459eaba5b752	hokenryo	8	table	市町村特別給付費（円）	市町村特別給付費/R8	12702000		honpen p.56	✓	auto:ai	2026-10-10	
50fe34d6e071757b	hokenryo	8	table	市町村特別給付費（円）	市町村特別給付費/第9期計	38106000		honpen p.56	✓	auto:ai	2026-10-10	
fdf69193e65dc132	hokenryo	8	table	市町村特別給付費（円）	市町村特別給付費/R22	13800000		honpen p.56	✓	auto:ai	2026-10-10	
7a87b4843f70df8e	hokenryo	11	table	介護給付費・地域支援事業費の財源内訳（%）	施設給付費/第1号被保険者	23.0		honpen p.56	✓	auto:ai	2026-10-10	
09c3668bdd0e4657	hokenryo	11	table	介護給付費・地域支援事業費の財源内訳（%）	施設給付費/第2号被保険者	27.0		honpen p.56	✓	auto:ai	2026-10-10	
aa2a1ebc9dafbcda	hokenryo	11	table	介護給付費・地域支援事業費の財源内訳（%）	施設給付費/国	15.0		honpen p.56	✓	auto:ai	2026-10-10	
32f616a6bd6508d8	hokenryo	11	table	介護給付費・地域支援事業費の財源内訳（%）	施設給付費/国の調整交付金	5.0		honpen p.56	✓	auto:ai	2026-10-10	要人確認:H4 難しさ6点
5eeaaa11995503a7	hokenryo	11	table	介護給付費・地域支援事業費の財源内訳（%）	施設給付費/滋賀県	17.5		honpen p.56	✓	auto:ai	2026-10-10	
3689022b8e1c487f	hokenryo	11	table	介護給付費・地域支援事業費の財源内訳（%）	施設給付費/日野町	12.5		honpen p.56	✓	auto:ai	2026-10-10	
9ea350574bbd5a0b	hokenryo	11	table	介護給付費・地域支援事業費の財源内訳（%）	居宅給付費/第1号被保険者	23.0		honpen p.56	✓	auto:ai	2026-10-10	
ca625dcd1f114e62	hokenryo	11	table	介護給付費・地域支援事業費の財源内訳（%）	居宅給付費/第2号被保険者	27.0		honpen p.56	✓	auto:ai	2026-10-10	
c6b8cb1566cad368	hokenryo	11	table	介護給付費・地域支援事業費の財源内訳（%）	居宅給付費/国	20.0		honpen p.56	✓	auto:ai	2026-10-10	
794df907bf4e7546	hokenryo	11	table	介護給付費・地域支援事業費の財源内訳（%）	居宅給付費/国の調整交付金	5.0		honpen p.56	✓	auto:ai	2026-10-10	
a2e4e5b0dfa944ee	hokenryo	11	table	介護給付費・地域支援事業費の財源内訳（%）	居宅給付費/滋賀県	12.5		honpen p.56	✓	auto:ai	2026-10-10	
043bed168ec28235	hokenryo	11	table	介護給付費・地域支援事業費の財源内訳（%）	居宅給付費/日野町	12.5		honpen p.56	✓	auto:ai	2026-10-10	
b29836cf8672a65c	hokenryo	11	table	介護給付費・地域支援事業費の財源内訳（%）	介護予防・日常生活支援総合事業/第1号被保険者	23.0		honpen p.56	✓	auto:ai	2026-10-10	
ef4e7e93f831f65b	hokenryo	11	table	介護給付費・地域支援事業費の財源内訳（%）	介護予防・日常生活支援総合事業/第2号被保険者	27.0		honpen p.56	✓	auto:ai	2026-10-10	
19f5e8adea474e0d	hokenryo	11	table	介護給付費・地域支援事業費の財源内訳（%）	介護予防・日常生活支援総合事業/国	20.0		honpen p.56	✓	auto:ai	2026-10-10	
f4728639e8d3aae3	hokenryo	11	table	介護給付費・地域支援事業費の財源内訳（%）	介護予防・日常生活支援総合事業/国の調整交付金	5.0		honpen p.56	✓	auto:ai	2026-10-10	
f5afb85f7f34fb87	hokenryo	11	table	介護給付費・地域支援事業費の財源内訳（%）	介護予防・日常生活支援総合事業/滋賀県	12.5		honpen p.56	✓	auto:ai	2026-10-10	
1505dc0523139090	hokenryo	11	table	介護給付費・地域支援事業費の財源内訳（%）	介護予防・日常生活支援総合事業/日野町	12.5		honpen p.56	✓	auto:ai	2026-10-10	
bde926cb1efa4645	hokenryo	11	table	介護給付費・地域支援事業費の財源内訳（%）	包括的支援事業及び任意事業/第1号被保険者	23.0		honpen p.56	✓	auto:ai	2026-10-10	
a82367faed4c8df9	hokenryo	11	table	介護給付費・地域支援事業費の財源内訳（%）	包括的支援事業及び任意事業/国	38.5		honpen p.56	✓	auto:ai	2026-10-10	
b399ebe08293ec3f	hokenryo	11	table	介護給付費・地域支援事業費の財源内訳（%）	包括的支援事業及び任意事業/滋賀県	19.25		honpen p.56	✓	auto:ai	2026-10-10	
66893108396bfc5a	hokenryo	11	table	介護給付費・地域支援事業費の財源内訳（%）	包括的支援事業及び任意事業/日野町	19.25		honpen p.56	✓	auto:ai	2026-10-10	
964c15c134e816d7	hokenryo	14	table	保険料収納必要額と基準額の計算（円）	標準給付費見込額（A）/第9期合計	6221192882		honpen p.58	✓	auto:ai	2026-10-10	
3786a73cde6e6c00	hokenryo	14	table	保険料収納必要額と基準額の計算（円）	標準給付費見込額（A）/R6	2017028507		honpen p.58	✓	auto:pdftext	2026-10-10	
edb5fea51098c00f	hokenryo	14	table	保険料収納必要額と基準額の計算（円）	標準給付費見込額（A）/R7	2076689256		honpen p.58	✓	auto:pdftext	2026-10-10	
bf01f42b2db5e0bc	hokenryo	14	table	保険料収納必要額と基準額の計算（円）	標準給付費見込額（A）/R8	2127475119		honpen p.58	✓	auto:pdftext	2026-10-10	
ecef1bcd0a432446	hokenryo	14	table	保険料収納必要額と基準額の計算（円）	地域支援事業費（B）/第9期合計	223760607		honpen p.58	✓	auto:ai	2026-10-10	
04561855f2cb46c6	hokenryo	14	table	保険料収納必要額と基準額の計算（円）	地域支援事業費（B）/R6	74235292		honpen p.58	✓	auto:pdftext	2026-10-10	
8cf7222a8623ec35	hokenryo	14	table	保険料収納必要額と基準額の計算（円）	地域支援事業費（B）/R7	74695179		honpen p.58	✓	auto:pdftext	2026-10-10	
5e98df24e3aa7fbf	hokenryo	14	table	保険料収納必要額と基準額の計算（円）	地域支援事業費（B）/R8	74830136		honpen p.58	✓	auto:pdftext	2026-10-10	
8fb2c471b95ef425	hokenryo	14	table	保険料収納必要額と基準額の計算（円）	第1号被保険者負担分相当額（D）＝（A+B）×0.23/第9期合計	1482339302		honpen p.58	✓	auto:ai	2026-10-10	
029108497664f626	hokenryo	14	table	保険料収納必要額と基準額の計算（円）	第1号被保険者負担分相当額（D）＝（A+B）×0.23/R6	480990674		honpen p.58	✓	auto:ai	2026-10-10	
f1a6eefdd21d4394	hokenryo	14	table	保険料収納必要額と基準額の計算（円）	第1号被保険者負担分相当額（D）＝（A+B）×0.23/R7	494818420		honpen p.58	✓	auto:ai	2026-10-10	
87fddd6d35bfb494	hokenryo	14	table	保険料収納必要額と基準額の計算（円）	第1号被保険者負担分相当額（D）＝（A+B）×0.23/R8	506530209		honpen p.58	✓	auto:pdftext	2026-10-10	
e5957dd474a77199	hokenryo	14	table	保険料収納必要額と基準額の計算（円）	調整交付金相当額（E）/第9期合計	315993797		honpen p.58	✓	auto:ai	2026-10-10	
fed7c71683265bc1	hokenryo	14	table	保険料収納必要額と基準額の計算（円）	調整交付金相当額（E）/R6	102489334		honpen p.58	✓	auto:ai	2026-10-10	
30df01bc937dbfe6	hokenryo	14	table	保険料収納必要額と基準額の計算（円）	調整交付金相当額（E）/R7	105481282		honpen p.58	✓	auto:pdftext	2026-10-10	
1c2777cb123fcc09	hokenryo	14	table	保険料収納必要額と基準額の計算（円）	調整交付金相当額（E）/R8	108023181		honpen p.58	✓	auto:pdftext	2026-10-10	
b09bc9f7b411146b	hokenryo	14	table	保険料収納必要額と基準額の計算（円）	調整交付金見込額（F）/第9期合計	250170000		honpen p.58	✓	auto:ai	2026-10-10	
6880985782bf7f96	hokenryo	14	table	保険料収納必要額と基準額の計算（円）	調整交付金見込額（F）/R6	86501000		honpen p.58	✓	auto:ai	2026-10-10	
ac58efbdffe96cae	hokenryo	14	table	保険料収納必要額と基準額の計算（円）	調整交付金見込額（F）/R7	84596000		honpen p.58	✓	auto:pdftext	2026-10-10	
0b49b57ec7a40052	hokenryo	14	table	保険料収納必要額と基準額の計算（円）	調整交付金見込額（F）/R8	79073000		honpen p.58	✓	auto:pdftext	2026-10-10	
2356bb0465f8a1a2	hokenryo	14	table	保険料収納必要額と基準額の計算（円）	財政安定化基金拠出金見込額（G）/第9期合計	0		honpen p.58	✓	auto:ai	2026-10-10	要人確認:H4 難しさ6点
5197835dc09eb0e7	hokenryo	14	table	保険料収納必要額と基準額の計算（円）	財政安定化基金償還金（H）/第9期合計	0		honpen p.58	✓	auto:ai	2026-10-10	
9d3fd8654fb824dc	hokenryo	14	table	保険料収納必要額と基準額の計算（円）	準備基金取崩額（I）/第9期合計	100800000		honpen p.58	✓	auto:ai	2026-10-10	
87964064f21c012d	hokenryo	14	table	保険料収納必要額と基準額の計算（円）	審査支払手数料差引額（J）/第9期合計	0		honpen p.58	✓	auto:ai	2026-10-10	
823b3c9332864bac	hokenryo	14	table	保険料収納必要額と基準額の計算（円）	審査支払手数料差引額（J）/R6	0		honpen p.58	✓	auto:ai	2026-10-10	
0a28f34e738d1d57	hokenryo	14	table	保険料収納必要額と基準額の計算（円）	審査支払手数料差引額（J）/R7	0		honpen p.58	✓	auto:ai	2026-10-10	
49b44f5a9bf30514	hokenryo	14	table	保険料収納必要額と基準額の計算（円）	審査支払手数料差引額（J）/R8	0		honpen p.58	✓	auto:ai	2026-10-10	
2cf75652af62025c	hokenryo	14	table	保険料収納必要額と基準額の計算（円）	市町村特別給付費等（K）/第9期合計	38106000		honpen p.58	✓	auto:ai	2026-10-10	
b8b05431071a1c73	hokenryo	14	table	保険料収納必要額と基準額の計算（円）	市町村特別給付費等（K）/R6	12702000		honpen p.58	✓	auto:ai	2026-10-10	
a6b58bea31dcebbd	hokenryo	14	table	保険料収納必要額と基準額の計算（円）	市町村特別給付費等（K）/R7	12702000		honpen p.58	✓	auto:ai	2026-10-10	
52290d1661d6dcdc	hokenryo	14	table	保険料収納必要額と基準額の計算（円）	市町村特別給付費等（K）/R8	12702000		honpen p.58	✓	auto:ai	2026-10-10	
2e8eaa4a6ee06eca	hokenryo	14	table	保険料収納必要額と基準額の計算（円）	市町村相互財政安定化事業負担額（L）/第9期合計	0		honpen p.58	✓	auto:ai	2026-10-10	
6a7b1f84375057f4	hokenryo	14	table	保険料収納必要額と基準額の計算（円）	保険者機能強化推進交付金等の交付見込額（M）/第9期合計	9000000		honpen p.58	✓	auto:ai	2026-10-10	
5e7d80e054bac4b4	hokenryo	14	table	保険料収納必要額と基準額の計算（円）	保険料収納必要額（N）＝D+E−F+G+H−I+J+K+L−M/第9期合計	1476469099		honpen p.58	✓	auto:ai	2026-10-10	
65005f4f0d971a02	hokenryo	14	table	保険料収納必要額と基準額の計算（円）	予定収納率（O）（%）/第9期合計	98.0		honpen p.58	✓	auto:ai	2026-10-10	
0edba4d82fc44f10	hokenryo	14	table	保険料収納必要額と基準額の計算（円）	所得段階別加入割合補正後の被保険者数（P）（人）/第9期合計	20251		honpen p.58	✓	auto:ai	2026-10-10	
35e3a61326c88e2f	hokenryo	14	table	保険料収納必要額と基準額の計算（円）	第1号被保険者の保険料基準月額（Q）＝N÷O÷P÷12/第9期合計	6200		honpen p.58	✓	auto:ai	2026-10-10	
bad53792e5f3ec60	hokenryo	17	table	所得段階別介護保険料（円）	第1段階/基準額に対する割合	0.455		honpen p.59	✓	auto:ai	2026-10-10	
02b981c998feeefc	hokenryo	17	table	所得段階別介護保険料（円）	第1段階/月額	2821		honpen p.59	✓	auto:ai	2026-10-10	
6d0b767c0c2bedbf	hokenryo	17	table	所得段階別介護保険料（円）	第1段階/年額	33852		honpen p.59	✓	auto:ai	2026-10-10	
fc52f2f26f04b060	hokenryo	17	table	所得段階別介護保険料（円）	第1段階/軽減後の割合	0.285		honpen p.59	✓	auto:ai	2026-10-10	
79e19998b42d34f2	hokenryo	17	table	所得段階別介護保険料（円）	第1段階/軽減後の月額	1767		honpen p.59	✓	auto:ai	2026-10-10	
63117ff11a70af83	hokenryo	17	table	所得段階別介護保険料（円）	第1段階/軽減後の年額	21204		honpen p.59	✓	auto:ai	2026-10-10	
d89ac81c08ecc8b9	hokenryo	17	table	所得段階別介護保険料（円）	第2段階/基準額に対する割合	0.65		honpen p.59	✓	auto:ai	2026-10-10	
ce22480de59057b7	hokenryo	17	table	所得段階別介護保険料（円）	第2段階/月額	4030		honpen p.59	✓	auto:ai	2026-10-10	
7bd1f84aa658b16d	hokenryo	17	table	所得段階別介護保険料（円）	第2段階/年額	48360		honpen p.59	✓	auto:ai	2026-10-10	
03f0342e835578a4	hokenryo	17	table	所得段階別介護保険料（円）	第2段階/軽減後の割合	0.45		honpen p.59	✓	auto:ai	2026-10-10	要人確認:H4 難しさ1点
65fc8c9889791494	hokenryo	17	table	所得段階別介護保険料（円）	第2段階/軽減後の月額	2790		honpen p.59	✓	auto:ai	2026-10-10	
48869408f6d2a14a	hokenryo	17	table	所得段階別介護保険料（円）	第2段階/軽減後の年額	33480		honpen p.59	✓	auto:ai	2026-10-10	
4dc33c7343ff1391	hokenryo	17	table	所得段階別介護保険料（円）	第3段階/基準額に対する割合	0.69		honpen p.59	✓	auto:ai	2026-10-10	
4ece105609ce0586	hokenryo	17	table	所得段階別介護保険料（円）	第3段階/月額	4278		honpen p.59	✓	auto:ai	2026-10-10	
c0499fb0a664fdd4	hokenryo	17	table	所得段階別介護保険料（円）	第3段階/年額	51336		honpen p.59	✓	auto:ai	2026-10-10	
2b0820c08cd8a31f	hokenryo	17	table	所得段階別介護保険料（円）	第3段階/軽減後の割合	0.685		honpen p.59	✓	auto:ai	2026-10-10	
606e245d1aa5fc9a	hokenryo	17	table	所得段階別介護保険料（円）	第3段階/軽減後の月額	4247		honpen p.59	✓	auto:ai	2026-10-10	
820f22cbae37c1c4	hokenryo	17	table	所得段階別介護保険料（円）	第3段階/軽減後の年額	50964		honpen p.59	✓	auto:ai	2026-10-10	
614eb86ae3bde7e8	hokenryo	17	table	所得段階別介護保険料（円）	第4段階/基準額に対する割合	0.88		honpen p.59	✓	auto:ai	2026-10-10	
65f576bb14702fe1	hokenryo	17	table	所得段階別介護保険料（円）	第4段階/月額	5456		honpen p.59	✓	auto:ai	2026-10-10	
4746920cbf151af8	hokenryo	17	table	所得段階別介護保険料（円）	第4段階/年額	65472		honpen p.59	✓	auto:ai	2026-10-10	
6557353f5d2d72c3	hokenryo	17	table	所得段階別介護保険料（円）	第5段階/基準額に対する割合	1.00		honpen p.59	✓	auto:ai	2026-10-10	
41dd9a397b694cec	hokenryo	17	table	所得段階別介護保険料（円）	第5段階/月額	6200		honpen p.59	✓	auto:ai	2026-10-10	
b39207ae1fcf7051	hokenryo	17	table	所得段階別介護保険料（円）	第5段階/年額	74400		honpen p.59	✓	auto:ai	2026-10-10	
971cb03882dd8b93	hokenryo	17	table	所得段階別介護保険料（円）	第6段階/基準額に対する割合	1.13		honpen p.59	✓	auto:ai	2026-10-10	
dd3e04bac4b83207	hokenryo	17	table	所得段階別介護保険料（円）	第6段階/月額	7006		honpen p.59	✓	auto:ai	2026-10-10	
0ce9ad593bd63169	hokenryo	17	table	所得段階別介護保険料（円）	第6段階/年額	84072		honpen p.59	✓	auto:ai	2026-10-10	
1483806ec4ba43c8	hokenryo	17	table	所得段階別介護保険料（円）	第7段階/基準額に対する割合	1.25		honpen p.59	✓	auto:ai	2026-10-10	
3114abbd99b3848f	hokenryo	17	table	所得段階別介護保険料（円）	第7段階/月額	7750		honpen p.59	✓	auto:ai	2026-10-10	
ee5f899656301077	hokenryo	17	table	所得段階別介護保険料（円）	第7段階/年額	93000		honpen p.59	✓	auto:ai	2026-10-10	
d9c2479897b673ac	hokenryo	17	table	所得段階別介護保険料（円）	第8段階/基準額に対する割合	1.50		honpen p.59	✓	auto:ai	2026-10-10	
f98f2682cf7ad56d	hokenryo	17	table	所得段階別介護保険料（円）	第8段階/月額	9300		honpen p.59	✓	auto:ai	2026-10-10	
966617d179539fba	hokenryo	17	table	所得段階別介護保険料（円）	第8段階/年額	111600		honpen p.59	✓	auto:ai	2026-10-10	
dda9b8f4cfa89fc4	hokenryo	17	table	所得段階別介護保険料（円）	第9段階/基準額に対する割合	1.70		honpen p.59	✓	auto:ai	2026-10-10	
93ff6460ad461a62	hokenryo	17	table	所得段階別介護保険料（円）	第9段階/月額	10540		honpen p.59	✓	auto:ai	2026-10-10	
5155eb2d42e1077d	hokenryo	17	table	所得段階別介護保険料（円）	第9段階/年額	126480		honpen p.59	✓	auto:ai	2026-10-10	
42033f023cd5ca0e	hokenryo	17	table	所得段階別介護保険料（円）	第10段階/基準額に対する割合	1.85		honpen p.59	✓	auto:ai	2026-10-10	
c7e5e5579a066934	hokenryo	17	table	所得段階別介護保険料（円）	第10段階/月額	11470		honpen p.59	✓	auto:ai	2026-10-10	
6a2d6f860abf37ca	hokenryo	17	table	所得段階別介護保険料（円）	第10段階/年額	137640		honpen p.59	✓	auto:ai	2026-10-10	
b745fcb92b895656	hokenryo	17	table	所得段階別介護保険料（円）	第11段階/基準額に対する割合	2.00		honpen p.59	✓	auto:ai	2026-10-10	
3b4a46c5ac67a357	hokenryo	17	table	所得段階別介護保険料（円）	第11段階/月額	12400		honpen p.59	✓	auto:ai	2026-10-10	
01826df8450d75ee	hokenryo	17	table	所得段階別介護保険料（円）	第11段階/年額	148800		honpen p.59	✓	auto:ai	2026-10-10	
0971d0d6705c0bda	hokenryo	17	table	所得段階別介護保険料（円）	第12段階/基準額に対する割合	2.20		honpen p.59	✓	auto:ai	2026-10-10	
ac7dfe6f6955d7a7	hokenryo	17	table	所得段階別介護保険料（円）	第12段階/月額	13640		honpen p.59	✓	auto:ai	2026-10-10	
c7659146b54c814a	hokenryo	17	table	所得段階別介護保険料（円）	第12段階/年額	163680		honpen p.59	✓	auto:ai	2026-10-10	
56144fcdf8ab30cd	hokenryo	17	table	所得段階別介護保険料（円）	第13段階/基準額に対する割合	2.30		honpen p.59	✓	auto:ai	2026-10-10	
1c871730a8e53487	hokenryo	17	table	所得段階別介護保険料（円）	第13段階/月額	14260		honpen p.59	✓	auto:ai	2026-10-10	
674cb741c06f47d8	hokenryo	17	table	所得段階別介護保険料（円）	第13段階/年額	171120		honpen p.59	✓	auto:ai	2026-10-10	
de4c93abc892d92d	hokenryo	17	table	所得段階別介護保険料（円）	第14段階/基準額に対する割合	2.40		honpen p.59	✓	auto:ai	2026-10-10	
053ab66b842b7c3e	hokenryo	17	table	所得段階別介護保険料（円）	第14段階/月額	14880		honpen p.59	✓	auto:ai	2026-10-10	
09cf497d566f9895	hokenryo	17	table	所得段階別介護保険料（円）	第14段階/年額	178560		honpen p.59	✓	auto:ai	2026-10-10	
da8527d5b3800fb2	hokenryo	17	table	所得段階別介護保険料（円）	第15段階/基準額に対する割合	2.60		honpen p.59	✓	auto:ai	2026-10-10	
ad514bd169fc0fc4	hokenryo	17	table	所得段階別介護保険料（円）	第15段階/月額	16120		honpen p.59	✓	auto:ai	2026-10-10	
7689622b7bc1828d	hokenryo	17	table	所得段階別介護保険料（円）	第15段階/年額	193440		honpen p.59	✓	auto:ai	2026-10-10	
03d28db68d0eac91	hokenryo	20	table	第8期の所得段階と基準額に対する割合	第1段階/基準額に対する割合	0.50		honpen p.57	✓	auto:ai	2026-10-10	
646349de09ef8451	hokenryo	20	table	第8期の所得段階と基準額に対する割合	第1段階/軽減後の割合	0.30		honpen p.57				要人確認:H1 A=一致/高 B=一致/中
a4258f500ece7110	hokenryo	20	table	第8期の所得段階と基準額に対する割合	第2段階/基準額に対する割合	0.70		honpen p.57	✓	auto:ai	2026-10-10	
f60d7b9ac1257c17	hokenryo	20	table	第8期の所得段階と基準額に対する割合	第2段階/軽減後の割合	0.45		honpen p.57				要人確認:H1 A=一致/高 B=一致/中
eee4398a5892f817	hokenryo	20	table	第8期の所得段階と基準額に対する割合	第3段階/基準額に対する割合	0.75		honpen p.57	✓	auto:ai	2026-10-10	
89ac393be38597ce	hokenryo	20	table	第8期の所得段階と基準額に対する割合	第3段階/軽減後の割合	0.70		honpen p.57				要人確認:H1 A=一致/高 B=一致/中
e12447750ffce271	hokenryo	20	table	第8期の所得段階と基準額に対する割合	第4段階/基準額に対する割合	0.88		honpen p.57	✓	auto:ai	2026-10-10	
0156a73d5b299d1e	hokenryo	20	table	第8期の所得段階と基準額に対する割合	第5段階/基準額に対する割合	1.00		honpen p.57	✓	auto:ai	2026-10-10	要人確認:H4 難しさ4点
778c49d8eba6387f	hokenryo	20	table	第8期の所得段階と基準額に対する割合	第6段階/基準額に対する割合	1.13		honpen p.57	✓	auto:ai	2026-10-10	
e20570b1e4b9fd86	hokenryo	20	table	第8期の所得段階と基準額に対する割合	第7段階/基準額に対する割合	1.25		honpen p.57	✓	auto:ai	2026-10-10	
5e0b7caf408fc88f	hokenryo	20	table	第8期の所得段階と基準額に対する割合	第8段階/基準額に対する割合	1.50		honpen p.57	✓	auto:ai	2026-10-10	
ff9abb8b8ad56edf	hokenryo	20	table	第8期の所得段階と基準額に対する割合	第9段階/基準額に対する割合	1.60		honpen p.57	✓	auto:ai	2026-10-10	
045be199712a6c66	hokenryo	20	table	第8期の所得段階と基準額に対する割合	第10段階/基準額に対する割合	1.70		honpen p.57	✓	auto:ai	2026-10-10	
61a454eff44fb809	hokenryo	20	table	第8期の所得段階と基準額に対する割合	第11段階/基準額に対する割合	1.80		honpen p.57	✓	auto:ai	2026-10-10	
90d1337ddf18c084	hokenryo	20	table	第8期の所得段階と基準額に対する割合	第12段階/基準額に対する割合	1.90		honpen p.57	✓	auto:ai	2026-10-10	
acd0106e074edb64	hyoka	4	table	施策領域ごとの指標の達成度（%）	計画全体/達成	10.0		honpen p.18	✓	auto:ai	2026-10-10	
4ff770ea8a578b77	hyoka	4	table	施策領域ごとの指標の達成度（%）	計画全体/未達成（改善）	25.0		honpen p.18	✓	auto:ai	2026-10-10	
7257947f3f37e8c8	hyoka	4	table	施策領域ごとの指標の達成度（%）	計画全体/未達成（変化なし）	22.5		honpen p.18	✓	auto:ai	2026-10-10	
6dfa39e47c5b8b67	hyoka	4	table	施策領域ごとの指標の達成度（%）	計画全体/未達成（悪化）	42.5		honpen p.18	✓	auto:pdftext	2026-10-10	
bea836e7d8b688fa	hyoka	4	table	施策領域ごとの指標の達成度（%）	(1) 高齢期の社会参画と生きがいづくり/未達成（変化なし）	14.3		honpen p.18	✓	auto:ai	2026-10-10	
d28ccc5cf37f694e	hyoka	4	table	施策領域ごとの指標の達成度（%）	(1) 高齢期の社会参画と生きがいづくり/未達成（悪化）	85.7		honpen p.18	✓	auto:ai	2026-10-10	
8da7bd206eab0d04	hyoka	4	table	施策領域ごとの指標の達成度（%）	(2) 高齢期をいきいきと過ごすための健康づくり・介護予防/未達成（改善）	66.7		honpen p.18	✓	auto:ai	2026-10-10	
8968be31a57a2d38	hyoka	4	table	施策領域ごとの指標の達成度（%）	(2) 高齢期をいきいきと過ごすための健康づくり・介護予防/未達成（変化なし）	33.3		honpen p.18	✓	auto:ai	2026-10-10	
de8b2fe66b6843f6	hyoka	4	table	施策領域ごとの指標の達成度（%）	(3) 住み慣れた地域で安心して暮らすことができる環境づくり/未達成（改善）	80.0		honpen p.18	✓	auto:ai	2026-10-10	
a2387325822f77cf	hyoka	4	table	施策領域ごとの指標の達成度（%）	(3) 住み慣れた地域で安心して暮らすことができる環境づくり/未達成（変化なし）	20.0		honpen p.18	✓	auto:ai	2026-10-10	
d3ccb68b5a81e54e	hyoka	4	table	施策領域ごとの指標の達成度（%）	(4) 安心して年を重ねることができる介護・医療等の多職種連携の充実/未達成（改善）	20.0		honpen p.18	✓	auto:ai	2026-10-10	
691b5710906016d7	hyoka	4	table	施策領域ごとの指標の達成度（%）	(4) 安心して年を重ねることができる介護・医療等の多職種連携の充実/未達成（変化なし）	20.0		honpen p.18	✓	auto:ai	2026-10-10	
b72e19bfa6e121a7	hyoka	4	table	施策領域ごとの指標の達成度（%）	(4) 安心して年を重ねることができる介護・医療等の多職種連携の充実/未達成（悪化）	60.0		honpen p.18	✓	auto:ai	2026-10-10	
4e2ca9dacec0772e	hyoka	4	table	施策領域ごとの指標の達成度（%）	(5) 高齢者が安心して利用できるサービス提供体制の構築/達成	40.0		honpen p.18	✓	auto:ai	2026-10-10	
e5699b17540e7706	hyoka	4	table	施策領域ごとの指標の達成度（%）	(5) 高齢者が安心して利用できるサービス提供体制の構築/未達成（悪化）	60.0		honpen p.18	✓	auto:ai	2026-10-10	
d516f036cae424d5	hyoka	4	table	施策領域ごとの指標の達成度（%）	(6) 高齢者の尊厳ある暮らしを守るための権利擁護の推進/達成	50.0		honpen p.18	✓	auto:ai	2026-10-10	
d302cd6a7813079d	hyoka	4	table	施策領域ごとの指標の達成度（%）	(6) 高齢者の尊厳ある暮らしを守るための権利擁護の推進/未達成（変化なし）	50.0		honpen p.18	✓	auto:ai	2026-10-10	
23f258e6d7630672	hyoka	4	table	施策領域ごとの指標の達成度（%）	(7) 地域で自分らしく暮らすことができる認知症対策の充実/達成	10.0		honpen p.18	✓	auto:ai	2026-10-10	
0c2b8c03aaffda46	hyoka	4	table	施策領域ごとの指標の達成度（%）	(7) 地域で自分らしく暮らすことができる認知症対策の充実/未達成（改善）	10.0		honpen p.18	✓	auto:ai	2026-10-10	要人確認:H4 難しさ2点
e8280f7a0f624737	hyoka	4	table	施策領域ごとの指標の達成度（%）	(7) 地域で自分らしく暮らすことができる認知症対策の充実/未達成（変化なし）	30.0		honpen p.18	✓	auto:ai	2026-10-10	
d0b57a129a4cad95	hyoka	4	table	施策領域ごとの指標の達成度（%）	(7) 地域で自分らしく暮らすことができる認知症対策の充実/未達成（悪化）	50.0		honpen p.18	✓	auto:ai	2026-10-10	
ac355e7c1fde5c4b	hyoka	5	table	指標の達成度一覧：(1) 高齢期の社会参画と生きがいづくり	地域活動等への参加率（ニーズ調査）：ボランティアのグループ/R2現状値	30.2		honpen p.19	✓	auto:ai	2026-10-10	
bc63af0c450184a5	hyoka	5	table	指標の達成度一覧：(1) 高齢期の社会参画と生きがいづくり	地域活動等への参加率（ニーズ調査）：ボランティアのグループ/R5目標値	33.2		honpen p.19	✓	auto:ai	2026-10-10	
125711e5c4db4003	hyoka	5	table	指標の達成度一覧：(1) 高齢期の社会参画と生きがいづくり	地域活動等への参加率（ニーズ調査）：ボランティアのグループ/R4実績	25.0		honpen p.19	✓	auto:ai	2026-10-10	
7e88f9d954e40ad8	hyoka	5	table	指標の達成度一覧：(1) 高齢期の社会参画と生きがいづくり	地域活動等への参加率（ニーズ調査）：スポーツ関係のグループやクラブ/R2現状値	37.5		honpen p.19	✓	auto:ai	2026-10-10	
460c4d312e666810	hyoka	5	table	指標の達成度一覧：(1) 高齢期の社会参画と生きがいづくり	地域活動等への参加率（ニーズ調査）：スポーツ関係のグループやクラブ/R5目標値	40.5		honpen p.19	✓	auto:ai	2026-10-10	
b6b3f18f1fe58487	hyoka	5	table	指標の達成度一覧：(1) 高齢期の社会参画と生きがいづくり	地域活動等への参加率（ニーズ調査）：スポーツ関係のグループやクラブ/R4実績	31.2		honpen p.19	✓	auto:ai	2026-10-10	
e5927a48f3d6b330	hyoka	5	table	指標の達成度一覧：(1) 高齢期の社会参画と生きがいづくり	地域活動等への参加率（ニーズ調査）：趣味関係のグループ/R2現状値	40.0		honpen p.19	✓	auto:ai	2026-10-10	
eae03843b57f86ea	hyoka	5	table	指標の達成度一覧：(1) 高齢期の社会参画と生きがいづくり	地域活動等への参加率（ニーズ調査）：趣味関係のグループ/R5目標値	43.0		honpen p.19	✓	auto:ai	2026-10-10	
d961469de97e5147	hyoka	5	table	指標の達成度一覧：(1) 高齢期の社会参画と生きがいづくり	地域活動等への参加率（ニーズ調査）：趣味関係のグループ/R4実績	32.5		honpen p.19	✓	auto:ai	2026-10-10	
2892cd9030c879cd	hyoka	5	table	指標の達成度一覧：(1) 高齢期の社会参画と生きがいづくり	地域活動等への参加率（ニーズ調査）：学習・教養サークル/R2現状値	20.0		honpen p.19	✓	auto:ai	2026-10-10	
a6afb2c6f6b68a09	hyoka	5	table	指標の達成度一覧：(1) 高齢期の社会参画と生きがいづくり	地域活動等への参加率（ニーズ調査）：学習・教養サークル/R5目標値	23.0		honpen p.19	✓	auto:ai	2026-10-10	
6246ee639918c798	hyoka	5	table	指標の達成度一覧：(1) 高齢期の社会参画と生きがいづくり	地域活動等への参加率（ニーズ調査）：学習・教養サークル/R4実績	16.3		honpen p.19	✓	auto:ai	2026-10-10	
f87e4dd81edbcab2	hyoka	5	table	指標の達成度一覧：(1) 高齢期の社会参画と生きがいづくり	地域活動等への参加率（ニーズ調査）：収入のある仕事/R2現状値	38.6		honpen p.19	✓	auto:ai	2026-10-10	
7f7b16953e0fcbbd	hyoka	5	table	指標の達成度一覧：(1) 高齢期の社会参画と生きがいづくり	地域活動等への参加率（ニーズ調査）：収入のある仕事/R5目標値	41.6		honpen p.19	✓	auto:ai	2026-10-10	
45fe38c011887b24	hyoka	5	table	指標の達成度一覧：(1) 高齢期の社会参画と生きがいづくり	地域活動等への参加率（ニーズ調査）：収入のある仕事/R4実績	33.6		honpen p.19	✓	auto:ai	2026-10-10	
77941d28cefc9c2c	hyoka	5	table	指標の達成度一覧：(1) 高齢期の社会参画と生きがいづくり	高齢者交流サロン開催団体数【総合計画共通】/R2現状値	14		honpen p.19	✓	auto:ai	2026-10-10	
2412c848ce846ace	hyoka	5	table	指標の達成度一覧：(1) 高齢期の社会参画と生きがいづくり	高齢者交流サロン開催団体数【総合計画共通】/R5目標値	20		honpen p.19	✓	auto:ai	2026-10-10	
1e0b366995c41896	hyoka	5	table	指標の達成度一覧：(1) 高齢期の社会参画と生きがいづくり	高齢者交流サロン開催団体数【総合計画共通】/R4実績	12		honpen p.19	✓	auto:ai	2026-10-10	
b2eb53b2a2cd5903	hyoka	5	table	指標の達成度一覧：(1) 高齢期の社会参画と生きがいづくり	就労的活動支援コーディネーター（就労的活動支援員）の設置数/R2現状値	0		honpen p.19	✓	auto:ai	2026-10-10	
854472eec5e51d6a	hyoka	5	table	指標の達成度一覧：(1) 高齢期の社会参画と生きがいづくり	就労的活動支援コーディネーター（就労的活動支援員）の設置数/R5目標値	1		honpen p.19	✓	auto:ai	2026-10-10	要人確認:H4 難しさ3点
d982e06a4d763b51	hyoka	5	table	指標の達成度一覧：(1) 高齢期の社会参画と生きがいづくり	就労的活動支援コーディネーター（就労的活動支援員）の設置数/R4実績	0		honpen p.19	✓	auto:ai	2026-10-10	
dfa1d3ad675b656b	hyoka	6	table	指標の達成度一覧：(2) 高齢期をいきいきと過ごすための健康づくり・介護予防	ハイリスク者等への訪問支援件数（年間）/R2現状値	0		honpen p.19	✓	auto:ai	2026-10-10	
eefc8b4321834587	hyoka	6	table	指標の達成度一覧：(2) 高齢期をいきいきと過ごすための健康づくり・介護予防	ハイリスク者等への訪問支援件数（年間）/R5目標値	120		honpen p.19	✓	auto:ai	2026-10-10	
591927eacc99a11b	hyoka	6	table	指標の達成度一覧：(2) 高齢期をいきいきと過ごすための健康づくり・介護予防	ハイリスク者等への訪問支援件数（年間）/R4実績	39		honpen p.19	✓	auto:ai	2026-10-10	
35f55919dab52fb7	hyoka	6	table	指標の達成度一覧：(2) 高齢期をいきいきと過ごすための健康づくり・介護予防	訪問型サービスC修了者数（累計）/R2現状値	2		honpen p.19	✓	auto:ai	2026-10-10	
cc69b2f7cf36e250	hyoka	6	table	指標の達成度一覧：(2) 高齢期をいきいきと過ごすための健康づくり・介護予防	訪問型サービスC修了者数（累計）/R5目標値	20		honpen p.19	✓	auto:ai	2026-10-10	
2a927bbfbd8ea896	hyoka	6	table	指標の達成度一覧：(2) 高齢期をいきいきと過ごすための健康づくり・介護予防	訪問型サービスC修了者数（累計）/R4実績	2		honpen p.19	✓	auto:ai	2026-10-10	要人確認:H4 難しさ3点
9707ce15ceda5e01	hyoka	6	table	指標の達成度一覧：(2) 高齢期をいきいきと過ごすための健康づくり・介護予防	くらし元気応援教室修了者数（累計）/R2現状値	4		honpen p.19	✓	auto:ai	2026-10-10	
715923da29ee1cb7	hyoka	6	table	指標の達成度一覧：(2) 高齢期をいきいきと過ごすための健康づくり・介護予防	くらし元気応援教室修了者数（累計）/R5目標値	50		honpen p.19	✓	auto:ai	2026-10-10	
29c695021cff7be1	hyoka	6	table	指標の達成度一覧：(2) 高齢期をいきいきと過ごすための健康づくり・介護予防	くらし元気応援教室修了者数（累計）/R4実績	24		honpen p.19	✓	auto:ai	2026-10-10	
07626ee81113f9a1	hyoka	6	table	指標の達成度一覧：(2) 高齢期をいきいきと過ごすための健康づくり・介護予防	介護予防ボランティアの養成数（累計）【総合計画共通】/R2現状値	319		honpen p.19	✓	auto:ai	2026-10-10	
53be02a978c60da9	hyoka	6	table	指標の達成度一覧：(2) 高齢期をいきいきと過ごすための健康づくり・介護予防	介護予防ボランティアの養成数（累計）【総合計画共通】/R5目標値	359		honpen p.19	✓	auto:ai	2026-10-10	
a52ca0753feb37dd	hyoka	6	table	指標の達成度一覧：(2) 高齢期をいきいきと過ごすための健康づくり・介護予防	介護予防ボランティアの養成数（累計）【総合計画共通】/R4実績	339		honpen p.19	✓	auto:ai	2026-10-10	
61889d36dd89ab3a	hyoka	6	table	指標の達成度一覧：(2) 高齢期をいきいきと過ごすための健康づくり・介護予防	男性のための運動の場/R2現状値	3		honpen p.19	✓	auto:ai	2026-10-10	
7399268919532cfe	hyoka	6	table	指標の達成度一覧：(2) 高齢期をいきいきと過ごすための健康づくり・介護予防	男性のための運動の場/R5目標値	5		honpen p.19	✓	auto:ai	2026-10-10	
b79ae890faa83e90	hyoka	6	table	指標の達成度一覧：(2) 高齢期をいきいきと過ごすための健康づくり・介護予防	男性のための運動の場/R4実績	4		honpen p.19	✓	auto:ai	2026-10-10	
37f2fa18268e7226	hyoka	6	table	指標の達成度一覧：(2) 高齢期をいきいきと過ごすための健康づくり・介護予防	地域包括支援センターに配置するリハビリテーション専門職数/R2現状値	1		honpen p.19	✓	auto:ai	2026-10-10	
771fcec1293e2caf	hyoka	6	table	指標の達成度一覧：(2) 高齢期をいきいきと過ごすための健康づくり・介護予防	地域包括支援センターに配置するリハビリテーション専門職数/R5目標値	2		honpen p.19	✓	auto:ai	2026-10-10	
9c2fa35887808cb2	hyoka	6	table	指標の達成度一覧：(2) 高齢期をいきいきと過ごすための健康づくり・介護予防	地域包括支援センターに配置するリハビリテーション専門職数/R4実績	1		honpen p.19	✓	auto:ai	2026-10-10	
2d79b10a0f9bcb4b	hyoka	7	table	指標の達成度一覧：(3) 住み慣れた地域で安心して暮らすことができる環境づくり	公民館単位での協議体の設置数【総合計画共通】/R2現状値	1		honpen p.19	✓	auto:ai	2026-10-10	
296d242f0cfd38af	hyoka	7	table	指標の達成度一覧：(3) 住み慣れた地域で安心して暮らすことができる環境づくり	公民館単位での協議体の設置数【総合計画共通】/R5目標値	4		honpen p.19	✓	auto:ai	2026-10-10	
c1d1c2b50dc4f174	hyoka	7	table	指標の達成度一覧：(3) 住み慣れた地域で安心して暮らすことができる環境づくり	公民館単位での協議体の設置数【総合計画共通】/R4実績	1		honpen p.19	✓	auto:ai	2026-10-10	
c8bf829dce14c59b	hyoka	7	table	指標の達成度一覧：(3) 住み慣れた地域で安心して暮らすことができる環境づくり	生活支援コーディネーターの設置数/R2現状値	1		honpen p.19	✓	auto:ai	2026-10-10	
f1b05e6c47f53c56	hyoka	7	table	指標の達成度一覧：(3) 住み慣れた地域で安心して暮らすことができる環境づくり	生活支援コーディネーターの設置数/R5目標値	3		honpen p.19	✓	auto:ai	2026-10-10	
1611639581379cac	hyoka	7	table	指標の達成度一覧：(3) 住み慣れた地域で安心して暮らすことができる環境づくり	生活支援コーディネーターの設置数/R4実績	2		honpen p.19	✓	auto:ai	2026-10-10	要人確認:H4 難しさ3点
48f09079d9a1fd5f	hyoka	7	table	指標の達成度一覧：(3) 住み慣れた地域で安心して暮らすことができる環境づくり	地域支え合いに取り組む団体数【総合計画共通】/R2現状値	2		honpen p.19	✓	auto:ai	2026-10-10	
e84ff0ebe812beeb	hyoka	7	table	指標の達成度一覧：(3) 住み慣れた地域で安心して暮らすことができる環境づくり	地域支え合いに取り組む団体数【総合計画共通】/R5目標値	8		honpen p.19	✓	auto:ai	2026-10-10	
ac255278d7ef0cdf	hyoka	7	table	指標の達成度一覧：(3) 住み慣れた地域で安心して暮らすことができる環境づくり	地域支え合いに取り組む団体数【総合計画共通】/R4実績	3		honpen p.19	✓	auto:ai	2026-10-10	
17ba8bda2d2129bb	hyoka	7	table	指標の達成度一覧：(3) 住み慣れた地域で安心して暮らすことができる環境づくり	移動支援の運転ボランティアの養成数（累計）/R2現状値	35		honpen p.19	✓	auto:ai	2026-10-10	
b1672b75afa393af	hyoka	7	table	指標の達成度一覧：(3) 住み慣れた地域で安心して暮らすことができる環境づくり	移動支援の運転ボランティアの養成数（累計）/R5目標値	100		honpen p.19	✓	auto:ai	2026-10-10	
533e21a481c1f12f	hyoka	7	table	指標の達成度一覧：(3) 住み慣れた地域で安心して暮らすことができる環境づくり	移動支援の運転ボランティアの養成数（累計）/R4実績	46		honpen p.19	✓	auto:ai	2026-10-10	
7a7d4f8aa1ad61a5	hyoka	7	table	指標の達成度一覧：(3) 住み慣れた地域で安心して暮らすことができる環境づくり	移動支援の利用者数（年間）/R2現状値	170		honpen p.19	✓	auto:ai	2026-10-10	
2db34dbc5d070e43	hyoka	7	table	指標の達成度一覧：(3) 住み慣れた地域で安心して暮らすことができる環境づくり	移動支援の利用者数（年間）/R5目標値	500		honpen p.19	✓	auto:ai	2026-10-10	
8dce3026735f3f9f	hyoka	7	table	指標の達成度一覧：(3) 住み慣れた地域で安心して暮らすことができる環境づくり	移動支援の利用者数（年間）/R4実績	241		honpen p.19	✓	auto:ai	2026-10-10	
17769b29213919d6	hyoka	8	table	指標の達成度一覧：(4) 安心して年を重ねることができる介護・医療等の多職種連携の充実	地域ケア個別会議の開催回数（年間）/R2現状値	4		honpen p.19	✓	auto:ai	2026-10-10	要人確認:H4 難しさ3点
23f380d94c52bee8	hyoka	8	table	指標の達成度一覧：(4) 安心して年を重ねることができる介護・医療等の多職種連携の充実	地域ケア個別会議の開催回数（年間）/R5目標値	4		honpen p.19	✓	auto:ai	2026-10-10	
8c6b09012184ff15	hyoka	8	table	指標の達成度一覧：(4) 安心して年を重ねることができる介護・医療等の多職種連携の充実	地域ケア個別会議の開催回数（年間）/R4実績	3		honpen p.19	✓	auto:ai	2026-10-10	
85aea2ce05649816	hyoka	8	table	指標の達成度一覧：(4) 安心して年を重ねることができる介護・医療等の多職種連携の充実	地域ケア個別会議で取り上げるケース数（年間）/R2現状値	12		honpen p.19	✓	auto:ai	2026-10-10	
bc675f3141ea6cad	hyoka	8	table	指標の達成度一覧：(4) 安心して年を重ねることができる介護・医療等の多職種連携の充実	地域ケア個別会議で取り上げるケース数（年間）/R5目標値	12		honpen p.19	✓	auto:ai	2026-10-10	
cc0979ff01b3ccb4	hyoka	8	table	指標の達成度一覧：(4) 安心して年を重ねることができる介護・医療等の多職種連携の充実	地域ケア個別会議で取り上げるケース数（年間）/R4実績	6		honpen p.19	✓	auto:ai	2026-10-10	
fe26398dd1c807b1	hyoka	8	table	指標の達成度一覧：(4) 安心して年を重ねることができる介護・医療等の多職種連携の充実	地域ケア推進会議の開催数（年間）/R2現状値	1		honpen p.19	✓	auto:ai	2026-10-10	
19ca69fc2cf32254	hyoka	8	table	指標の達成度一覧：(4) 安心して年を重ねることができる介護・医療等の多職種連携の充実	地域ケア推進会議の開催数（年間）/R5目標値	2		honpen p.19	✓	auto:ai	2026-10-10	
99227733a6c5b9b0	hyoka	8	table	指標の達成度一覧：(4) 安心して年を重ねることができる介護・医療等の多職種連携の充実	地域ケア推進会議の開催数（年間）/R4実績	1		honpen p.19	✓	auto:ai	2026-10-10	
5442bf915bd73803	hyoka	8	table	指標の達成度一覧：(4) 安心して年を重ねることができる介護・医療等の多職種連携の充実	医療・介護連携に係る研修会の開催数（年間）/R2現状値	3		honpen p.19	✓	auto:ai	2026-10-10	
26f3860507a3f468	hyoka	8	table	指標の達成度一覧：(4) 安心して年を重ねることができる介護・医療等の多職種連携の充実	医療・介護連携に係る研修会の開催数（年間）/R5目標値	3		honpen p.19	✓	auto:ai	2026-10-10	
d3fa73e7f1d2a221	hyoka	8	table	指標の達成度一覧：(4) 安心して年を重ねることができる介護・医療等の多職種連携の充実	医療・介護連携に係る研修会の開催数（年間）/R4実績	2		honpen p.19	✓	auto:ai	2026-10-10	
89f7a568415cc9bf	hyoka	8	table	指標の達成度一覧：(4) 安心して年を重ねることができる介護・医療等の多職種連携の充実	外来・入退院時等における医療と介護の専門職の連携の回数（年間）/R2現状値	0		honpen p.19	✓	auto:ai	2026-10-10	
e562ffd83d4cfc73	hyoka	8	table	指標の達成度一覧：(4) 安心して年を重ねることができる介護・医療等の多職種連携の充実	外来・入退院時等における医療と介護の専門職の連携の回数（年間）/R5目標値	20		honpen p.19	✓	auto:ai	2026-10-10	
7a33e2b81dfe3603	hyoka	8	table	指標の達成度一覧：(4) 安心して年を重ねることができる介護・医療等の多職種連携の充実	外来・入退院時等における医療と介護の専門職の連携の回数（年間）/R4実績	10		honpen p.19	✓	auto:ai	2026-10-10	
749e6996008b6628	hyoka	9	table	指標の達成度一覧：(5) 高齢者が安心して利用できるサービス提供体制の構築	居宅介護支援事業者との連絡会議の開催数（年間）/R2現状値	6		honpen p.19	✓	auto:ai	2026-10-10	
e3610c711179de65	hyoka	9	table	指標の達成度一覧：(5) 高齢者が安心して利用できるサービス提供体制の構築	居宅介護支援事業者との連絡会議の開催数（年間）/R5目標値	6		honpen p.19	✓	auto:ai	2026-10-10	
d4c64c01b7ef3ec3	hyoka	9	table	指標の達成度一覧：(5) 高齢者が安心して利用できるサービス提供体制の構築	居宅介護支援事業者との連絡会議の開催数（年間）/R4実績	6		honpen p.19	✓	auto:ai	2026-10-10	
3551dcb7da7aa999	hyoka	9	table	指標の達成度一覧：(5) 高齢者が安心して利用できるサービス提供体制の構築	地域包括支援センターによる高齢者への訪問相談件数（年間）【総合計画共通】/R2現状値	1400		honpen p.19	✓	auto:ai	2026-10-10	
587cbe75edc912f9	hyoka	9	table	指標の達成度一覧：(5) 高齢者が安心して利用できるサービス提供体制の構築	地域包括支援センターによる高齢者への訪問相談件数（年間）【総合計画共通】/R5目標値	1640		honpen p.19	✓	auto:ai	2026-10-10	
f86e249b3a7f7f91	hyoka	9	table	指標の達成度一覧：(5) 高齢者が安心して利用できるサービス提供体制の構築	地域包括支援センターによる高齢者への訪問相談件数（年間）【総合計画共通】/R4実績	1271		honpen p.19	✓	auto:ai	2026-10-10	
4f2740bfae1dcd27	hyoka	9	table	指標の達成度一覧：(5) 高齢者が安心して利用できるサービス提供体制の構築	介護職員初任者研修の受講者数（年間）/R2現状値	5		honpen p.19	✓	auto:ai	2026-10-10	
8cb9f335a037c2b3	hyoka	9	table	指標の達成度一覧：(5) 高齢者が安心して利用できるサービス提供体制の構築	介護職員初任者研修の受講者数（年間）/R5目標値	10		honpen p.19	✓	auto:ai	2026-10-10	
c8e41a2cade1a75a	hyoka	9	table	指標の達成度一覧：(5) 高齢者が安心して利用できるサービス提供体制の構築	介護職員初任者研修の受講者数（年間）/R4実績	0		honpen p.19	✓	auto:ai	2026-10-10	
ec708d0e322a71e6	hyoka	9	table	指標の達成度一覧：(5) 高齢者が安心して利用できるサービス提供体制の構築	介護給付費適正化事業の主要５事業のうち実施事業数/R2現状値	5		honpen p.19	✓	auto:ai	2026-10-10	
17cd35003bd2a0fd	hyoka	9	table	指標の達成度一覧：(5) 高齢者が安心して利用できるサービス提供体制の構築	介護給付費適正化事業の主要５事業のうち実施事業数/R5目標値	5		honpen p.19	✓	auto:ai	2026-10-10	要人確認:H4 難しさ3点
ab7960a0f84dd66f	hyoka	9	table	指標の達成度一覧：(5) 高齢者が安心して利用できるサービス提供体制の構築	介護給付費適正化事業の主要５事業のうち実施事業数/R4実績	5		honpen p.19	✓	auto:ai	2026-10-10	
34daabea25ebf53e	hyoka	9	table	指標の達成度一覧：(5) 高齢者が安心して利用できるサービス提供体制の構築	ケアプラン点検数（年間）/R2現状値	20		honpen p.19	✓	auto:ai	2026-10-10	
96e7ff02039d507c	hyoka	9	table	指標の達成度一覧：(5) 高齢者が安心して利用できるサービス提供体制の構築	ケアプラン点検数（年間）/R5目標値	30		honpen p.19	✓	auto:ai	2026-10-10	
c0be5256bdd6a128	hyoka	9	table	指標の達成度一覧：(5) 高齢者が安心して利用できるサービス提供体制の構築	ケアプラン点検数（年間）/R4実績	10		honpen p.19	✓	auto:ai	2026-10-10	
aa893f627b4dcbb0	hyoka	10	table	指標の達成度一覧：(6) 高齢者の尊厳ある暮らしを守るための権利擁護の推進	高齢者虐待防止に関する研修等の開催回数（年間）/R2現状値	1		honpen p.19	✓	auto:ai	2026-10-10	
a2b097958285e7e1	hyoka	10	table	指標の達成度一覧：(6) 高齢者の尊厳ある暮らしを守るための権利擁護の推進	高齢者虐待防止に関する研修等の開催回数（年間）/R5目標値	2		honpen p.19	✓	auto:ai	2026-10-10	
cd508191e6691520	hyoka	10	table	指標の達成度一覧：(6) 高齢者の尊厳ある暮らしを守るための権利擁護の推進	高齢者虐待防止に関する研修等の開催回数（年間）/R4実績	1		honpen p.19	✓	auto:ai	2026-10-10	
ac9a358ec9943ffa	hyoka	10	table	指標の達成度一覧：(6) 高齢者の尊厳ある暮らしを守るための権利擁護の推進	国の成年後見制度利用促進基本計画に定める中核機関の設置数/R2現状値	0		honpen p.19	✓	auto:ai	2026-10-10	
533125e8c1055e68	hyoka	10	table	指標の達成度一覧：(6) 高齢者の尊厳ある暮らしを守るための権利擁護の推進	国の成年後見制度利用促進基本計画に定める中核機関の設置数/R5目標値	1		honpen p.19	✓	auto:ai	2026-10-10	要人確認:H4 難しさ3点
6097c1b65d5c9545	hyoka	10	table	指標の達成度一覧：(6) 高齢者の尊厳ある暮らしを守るための権利擁護の推進	国の成年後見制度利用促進基本計画に定める中核機関の設置数/R4実績	1		honpen p.19	✓	auto:ai	2026-10-10	
458e3b49f4c7ff33	hyoka	11	table	指標の達成度一覧：(7) 地域で自分らしく暮らすことができる認知症対策の充実	認知症初期集中支援チーム開催数（年間）/R2現状値	2		honpen p.19	✓	auto:ai	2026-10-10	
c033d358039f65f1	hyoka	11	table	指標の達成度一覧：(7) 地域で自分らしく暮らすことができる認知症対策の充実	認知症初期集中支援チーム開催数（年間）/R5目標値	3		honpen p.19	✓	auto:ai	2026-10-10	
d609bf42759e2ca7	hyoka	11	table	指標の達成度一覧：(7) 地域で自分らしく暮らすことができる認知症対策の充実	認知症初期集中支援チーム開催数（年間）/R4実績	2		honpen p.19	✓	auto:ai	2026-10-10	
c0c0bc27cbbc9d84	hyoka	11	table	指標の達成度一覧：(7) 地域で自分らしく暮らすことができる認知症対策の充実	認知症初期集中支援チームの検討の結果支援につなげた件数（年間）/R2現状値	6		honpen p.19	✓	auto:ai	2026-10-10	
8bd951218fc49dbc	hyoka	11	table	指標の達成度一覧：(7) 地域で自分らしく暮らすことができる認知症対策の充実	認知症初期集中支援チームの検討の結果支援につなげた件数（年間）/R5目標値	20		honpen p.19	✓	auto:ai	2026-10-10	
e2a011b29057a622	hyoka	11	table	指標の達成度一覧：(7) 地域で自分らしく暮らすことができる認知症対策の充実	認知症初期集中支援チームの検討の結果支援につなげた件数（年間）/R4実績	5		honpen p.19	✓	auto:ai	2026-10-10	
4487a0920e3dd832	hyoka	11	table	指標の達成度一覧：(7) 地域で自分らしく暮らすことができる認知症対策の充実	認知症地域支援推進員数/R2現状値	1		honpen p.19	✓	auto:ai	2026-10-10	
e160cfbe52903d70	hyoka	11	table	指標の達成度一覧：(7) 地域で自分らしく暮らすことができる認知症対策の充実	認知症地域支援推進員数/R5目標値	1		honpen p.19	✓	auto:ai	2026-10-10	
58902e503f667195	hyoka	11	table	指標の達成度一覧：(7) 地域で自分らしく暮らすことができる認知症対策の充実	認知症地域支援推進員数/R4実績	1		honpen p.19	✓	auto:ai	2026-10-10	
e18a8b65462e48a8	hyoka	11	table	指標の達成度一覧：(7) 地域で自分らしく暮らすことができる認知症対策の充実	認知症キャラバンメイト数【総合計画共通】/R2現状値	48		honpen p.19	✓	auto:ai	2026-10-10	
0e7f2dadd65016dc	hyoka	11	table	指標の達成度一覧：(7) 地域で自分らしく暮らすことができる認知症対策の充実	認知症キャラバンメイト数【総合計画共通】/R5目標値	65		honpen p.19	✓	auto:ai	2026-10-10	
e82de64a4c7d78bc	hyoka	11	table	指標の達成度一覧：(7) 地域で自分らしく暮らすことができる認知症対策の充実	認知症キャラバンメイト数【総合計画共通】/R4実績	45		honpen p.19	✓	auto:ai	2026-10-10	
4ea98ff1b5cbd71d	hyoka	11	table	指標の達成度一覧：(7) 地域で自分らしく暮らすことができる認知症対策の充実	認知症サポーター養成講座修了者数（累計）【総合計画共通】/R2現状値	7500		honpen p.19	✓	auto:ai	2026-10-10	
e60f5a3ce5c81184	hyoka	11	table	指標の達成度一覧：(7) 地域で自分らしく暮らすことができる認知症対策の充実	認知症サポーター養成講座修了者数（累計）【総合計画共通】/R5目標値	8700		honpen p.19	✓	auto:ai	2026-10-10	
cb7aa11f78428a13	hyoka	11	table	指標の達成度一覧：(7) 地域で自分らしく暮らすことができる認知症対策の充実	認知症サポーター養成講座修了者数（累計）【総合計画共通】/R4実績	7971		honpen p.19	✓	auto:ai	2026-10-10	
da45e38d4034fad0	hyoka	11	table	指標の達成度一覧：(7) 地域で自分らしく暮らすことができる認知症対策の充実	認知症カフェ開催箇所数/R2現状値	2		honpen p.19	✓	auto:ai	2026-10-10	
8e1f4f45eeaae99a	hyoka	11	table	指標の達成度一覧：(7) 地域で自分らしく暮らすことができる認知症対策の充実	認知症カフェ開催箇所数/R5目標値	3		honpen p.19	✓	auto:ai	2026-10-10	
30f0ad1eff36a900	hyoka	11	table	指標の達成度一覧：(7) 地域で自分らしく暮らすことができる認知症対策の充実	認知症カフェ開催箇所数/R4実績	2		honpen p.19	✓	auto:ai	2026-10-10	要人確認:H4 難しさ3点
030ba7f6023c7a4a	hyoka	11	table	指標の達成度一覧：(7) 地域で自分らしく暮らすことができる認知症対策の充実	認知症カフェ開催回数（年間）/R2現状値	18		honpen p.19	✓	auto:ai	2026-10-10	
d4ccc7763cd33653	hyoka	11	table	指標の達成度一覧：(7) 地域で自分らしく暮らすことができる認知症対策の充実	認知症カフェ開催回数（年間）/R5目標値	30		honpen p.19	✓	auto:ai	2026-10-10	
a889e5fd68383798	hyoka	11	table	指標の達成度一覧：(7) 地域で自分らしく暮らすことができる認知症対策の充実	認知症カフェ開催回数（年間）/R4実績	18		honpen p.19	✓	auto:ai	2026-10-10	
9297c09b8a2526f6	hyoka	11	table	指標の達成度一覧：(7) 地域で自分らしく暮らすことができる認知症対策の充実	認知症日常生活自立度Ⅱ以上の認定者の在宅比率【東近江圏域共通】/R2現状値	70.9		honpen p.19	✓	auto:ai	2026-10-10	
3d82af9ff57f3dd3	hyoka	11	table	指標の達成度一覧：(7) 地域で自分らしく暮らすことができる認知症対策の充実	認知症日常生活自立度Ⅱ以上の認定者の在宅比率【東近江圏域共通】/R5目標値	73.0		honpen p.19	✓	auto:ai	2026-10-10	
7c11da1b3fe5f0f6	hyoka	11	table	指標の達成度一覧：(7) 地域で自分らしく暮らすことができる認知症対策の充実	認知症日常生活自立度Ⅱ以上の認定者の在宅比率【東近江圏域共通】/R4実績	59.5		honpen p.19	✓	auto:ai	2026-10-10	
66aa40c18618c6ce	hyoka	11	table	指標の達成度一覧：(7) 地域で自分らしく暮らすことができる認知症対策の充実	認知症の対応・治療に関して正しい知識を持っている人の割合（ニーズ調査）【東近江圏域共通】/R2現状値	83.1		honpen p.19	✓	auto:ai	2026-10-10	
abb45ee0e8fc89db	hyoka	11	table	指標の達成度一覧：(7) 地域で自分らしく暮らすことができる認知症対策の充実	認知症の対応・治療に関して正しい知識を持っている人の割合（ニーズ調査）【東近江圏域共通】/R5目標値	88.0		honpen p.19	✓	auto:ai	2026-10-10	
b9b07ad9926894d1	hyoka	11	table	指標の達成度一覧：(7) 地域で自分らしく暮らすことができる認知症対策の充実	認知症の対応・治療に関して正しい知識を持っている人の割合（ニーズ調査）【東近江圏域共通】/R4実績	81.3		honpen p.19	✓	auto:ai	2026-10-10	
51f4907391877c9a	hyoka	11	table	指標の達成度一覧：(7) 地域で自分らしく暮らすことができる認知症対策の充実	認知症の人への適切な接し方について知っている人の割合（ニーズ調査）【東近江圏域共通】/R2現状値	19.2		honpen p.19	✓	auto:ai	2026-10-10	
7e5cd14a00f21c26	hyoka	11	table	指標の達成度一覧：(7) 地域で自分らしく暮らすことができる認知症対策の充実	認知症の人への適切な接し方について知っている人の割合（ニーズ調査）【東近江圏域共通】/R5目標値	30.0		honpen p.19	✓	auto:ai	2026-10-10	
5afe7d36054818f3	hyoka	11	table	指標の達成度一覧：(7) 地域で自分らしく暮らすことができる認知症対策の充実	認知症の人への適切な接し方について知っている人の割合（ニーズ調査）【東近江圏域共通】/R4実績	16.6		honpen p.19	✓	auto:ai	2026-10-10	
9d241e4c5e2207c6	hyoka	14	chart.rank	施策領域ごとの進捗度（平均値）	(2) 高齢期をいきいきと過ごすための健康づくり・介護予防	9.55	点	honpen p.20	✓	auto:ai	2026-10-10	
aca4064d142676ed	hyoka	14	chart.rank	施策領域ごとの進捗度（平均値）	(5) 高齢者が安心して利用できるサービス提供体制の構築	9.31	点	honpen p.20	✓	auto:ai	2026-10-10	
1b83006734e05c7f	hyoka	14	chart.rank	施策領域ごとの進捗度（平均値）	(6) 高齢者の尊厳ある暮らしを守るための権利擁護の推進	9.00	点	honpen p.20	✓	auto:ai	2026-10-10	
bf9d12773879b032	hyoka	14	chart.rank	施策領域ごとの進捗度（平均値）	(3) 住み慣れた地域で安心して暮らすことができる環境づくり	8.23	点	honpen p.20	✓	auto:ai	2026-10-10	
29eaa11fd522837f	hyoka	14	chart.rank	施策領域ごとの進捗度（平均値）	(7) 地域で自分らしく暮らすことができる認知症対策の充実	8.18	点	honpen p.20	✓	auto:ai	2026-10-10	
5e35b6de1ddb8278	hyoka	14	chart.rank	施策領域ごとの進捗度（平均値）	(1) 高齢期の社会参画と生きがいづくり	7.78	点	honpen p.20	✓	auto:ai	2026-10-10	
8993e4de00565e54	hyoka	14	chart.rank	施策領域ごとの進捗度（平均値）	(4) 安心して年を重ねることができる介護・医療等の多職種連携の充実	7.50	点	honpen p.20	✓	auto:ai	2026-10-10	
03049b28424a9fb2	hyoka	14	chart.rank	施策領域ごとの進捗度（平均値）	計画全体（83事業の平均値）	8.60	点	honpen p.20	✓	auto:ai	2026-10-10	要人確認:H4 難しさ5点
a04199299808cc40	hyoka	15	chart.rank	施策ごとの進捗度（平均値）	2-① 健康づくりの推進と健康寿命の延伸	10.00	点	honpen p.21	✓	auto:ai	2026-10-10	
05f0c120fba064dc	hyoka	15	chart.rank	施策ごとの進捗度（平均値）	2-③ 自立支援に向けた介護予防マネジメントの推進	10.00	点	honpen p.21	✓	auto:ai	2026-10-10	
1747ebf4cd41bfc9	hyoka	15	chart.rank	施策ごとの進捗度（平均値）	3-⑤ ユニバーサルデザインのまちづくりの推進	10.00	点	honpen p.21	✓	auto:ai	2026-10-10	
3587cf968b4d9859	hyoka	15	chart.rank	施策ごとの進捗度（平均値）	5-① 介護保険サービスの充実	10.00	点	honpen p.21	✓	auto:ai	2026-10-10	
0a8939d78b278533	hyoka	15	chart.rank	施策ごとの進捗度（平均値）	5-③ 家族介護者支援の充実	10.00	点	honpen p.21	✓	auto:ai	2026-10-10	
f5e8cc006750cb92	hyoka	15	chart.rank	施策ごとの進捗度（平均値）	5-⑤ 介護保険事業の適正運営	10.00	点	honpen p.21	✓	auto:ai	2026-10-10	
50f7328dd7d073dd	hyoka	15	chart.rank	施策ごとの進捗度（平均値）	6-② 成年後見制度の利用支援	10.00	点	honpen p.21	✓	auto:ai	2026-10-10	
098e05a55fbdc48c	hyoka	15	chart.rank	施策ごとの進捗度（平均値）	6-③ 消費者生活対策の推進	10.00	点	honpen p.21	✓	auto:ai	2026-10-10	
a46f99ae71015c39	hyoka	15	chart.rank	施策ごとの進捗度（平均値）	6-④ 生活安全に係る普及啓発	10.00	点	honpen p.21	✓	auto:ai	2026-10-10	
f422a18e57ca6ffa	hyoka	15	chart.rank	施策ごとの進捗度（平均値）	7-① 早期発見と対応の充実	10.00	点	honpen p.21	✓	auto:ai	2026-10-10	
bcf02b13d616eb44	hyoka	15	chart.rank	施策ごとの進捗度（平均値）	7-③ 認知症予防活動の推進	10.00	点	honpen p.21	✓	auto:ai	2026-10-10	
0462a6e0237fa6f4	hyoka	15	chart.rank	施策ごとの進捗度（平均値）	1-① 多様な生きがいづくりと居場所づくり	9.58	点	honpen p.21	✓	auto:ai	2026-10-10	
a32e732309fc5f18	hyoka	15	chart.rank	施策ごとの進捗度（平均値）	2-② 介護予防の充実	9.00	点	honpen p.21	✓	auto:ai	2026-10-10	
a22198607afdb004	hyoka	15	chart.rank	施策ごとの進捗度（平均値）	3-④ 日常生活の安心と災害時の備えの確保	9.00	点	honpen p.21	✓	auto:ai	2026-10-10	
1043d61d4282a7e9	hyoka	15	chart.rank	施策ごとの進捗度（平均値）	5-④ 人材の確保と育成・定着	8.75	点	honpen p.21	✓	auto:ai	2026-10-10	
cdcabedb180a8d93	hyoka	15	chart.rank	施策ごとの進捗度（平均値）	5-⑥ 感染症対策の推進	8.75	点	honpen p.21	✓	auto:ai	2026-10-10	
3371608ca298afb4	hyoka	15	chart.rank	施策ごとの進捗度（平均値）	4-① 在宅医療・介護連携の推進	8.33	点	honpen p.21	✓	auto:ai	2026-10-10	
e923bf66da81f231	hyoka	15	chart.rank	施策ごとの進捗度（平均値）	5-② 地域包括支援センターの機能強化	8.33	点	honpen p.21	✓	auto:ai	2026-10-10	
23ddeacbf84fa83a	hyoka	15	chart.rank	施策ごとの進捗度（平均値）	3-① 地域共生社会づくりの推進	8.33	点	honpen p.21	✓	auto:ai	2026-10-10	
1a8a744e85c09545	hyoka	15	chart.rank	施策ごとの進捗度（平均値）	7-② 認知症に関する普及啓発と認知症本人の社会参加の場づくり	7.14	点	honpen p.21	✓	auto:ai	2026-10-10	
afb50ee6c184844a	hyoka	15	chart.rank	施策ごとの進捗度（平均値）	3-② 住民や民間等による生活支援サービスの充実	5.00	点	honpen p.21	✓	auto:ai	2026-10-10	
a77b626c086b33d9	hyoka	15	chart.rank	施策ごとの進捗度（平均値）	3-③ 住まいと住まい方の充実	5.00	点	honpen p.21	✓	auto:ai	2026-10-10	
2814a9c8e82488ff	hyoka	15	chart.rank	施策ごとの進捗度（平均値）	4-② 終末期・看取りに関する連携の推進	5.00	点	honpen p.21	✓	auto:ai	2026-10-10	
1ad3d6b7fa174869	hyoka	15	chart.rank	施策ごとの進捗度（平均値）	6-① 高齢者虐待の防止と対策の推進	5.00	点	honpen p.21	✓	auto:ai	2026-10-10	要人確認:H4 難しさ7点
787b2e1264f35506	hyoka	15	chart.rank	施策ごとの進捗度（平均値）	1-② 働く場と機会づくりの促進	4.17	点	honpen p.21	✓	auto:ai	2026-10-10	
fd052e582ad35c25	hyoka	15	chart.rank	施策ごとの進捗度（平均値）	全体の平均値	8.60	点	honpen p.21	✓	auto:ai	2026-10-10	
